hello hello hello hello hello hello hello hello hello hello hello hello hello hello hello hello hello hello hello hello hello hello hello hello hello hello hello hello hello hello hello hello hello hello hello hello hello hello hello hello hello hello hello hello hello hello hello hello hello hello hello hello hello hello hello hello hello hello hello hello hello hello hello hello hello hello hello hello hello hello hello hello hello hello hello hello hello hello hello hello hello hello hello hello hello hello hello hello hello hello hello hello hello hello hello hello hello hello hello hello hello hello hello hello hello hello hello hello hello hello hello hello hello hello hello hello hello hello hello hello hello hello hello hello hello hello hello hello hello hello hello hello hello hello hello hello hello hello hello hello hello hello hello hello hello hello hello hello hello hello hello hello hello hello hello hello hello hello hello hello hello hello hello hello hello hello hello hello hello hello hello hello hello hello hello hello hello hello hello hello hello hello hello hello hello hello hello hello hello hello hello hello hello hello hello hello hello hello hello hello hello hello hello hello hello hello hello hello hello hello hello hello hello hello hello hello hello hello hello hello hello hello hello hello hello hello hello hello hello hello hello hello hello hello hello hello hello hello hello hello hello hello hello hello hello hello hello hello hello hello hello hello hello hello hello hello hello hello hello hello hello hello hello hello hello hello hello hello hello hello hello hello hello hello hello hello hello hello hello hello hello hello hello hello hello hello hello hello hello hello hello hello hello hello hello hello hello hello hello hello hello hello hello hello hello hello hello hello hello hello hello hello hello hello hello hello hello hello hello hello hello hello hello hello hello hello hello hello hello hello hello hello hello hello hello hello hello hello hello hello hello hello hello hello hello hello hello hello hello hello hello hello hello hello hello hello hello hello hello hello hello hello hello hello hello hello hello hello hello hello hello hello hello hello hello hello hello hello hello hello hello hello hello hello hello hello hello hello hello hello hello hello hello hello hello hello hello hello hello hello hello hello hello hello hello hello hello hello hello hello hello hello hello hello hello hello hello hello hello hello hello hello hello hello hello hello hello hello hello hello hello hello hello hello hello hello hello hello hello hello hello hello hello hello hello hello hello hello hello hello hello hello hello hello hello hello hello hello hello hello hello hello hello hello hello hello hello hello hello hello hello hello hello hello hello hello hello hello hello hello hello hello hello hello hello hello hello hello hello hello hello hello hello hello hello hello hello hello hello hello hello hello hello hello hello hello hello hello hello hello hello hello Prefill operator profile: prompt=513 chunks=9 wall_ms=11157.8 sampled_position=511 batch_width=B4 (M12 batched4 GEMV) chunk_base=448 embedding_ms=7.86994
  layer=0 kind=recurrent family=normalization stage=0 batch=B4 kernel=batched4_gemv recorded=1 gpu_ms=0.00928
  layer=0 kind=recurrent family=qkv_projection stage=1 batch=B4 kernel=batched4_gemv recorded=1 gpu_ms=0.00416
  layer=0 kind=recurrent family=gate_projection stage=2 batch=B4 kernel=batched4_gemv recorded=1 gpu_ms=0.00416
  layer=0 kind=recurrent family=recurrent_parameter_projection stage=3 batch=B4 kernel=batched4_gemv recorded=1 gpu_ms=0.02176
  layer=0 kind=recurrent family=conv_and_head_norm stage=4 batch=B4 kernel=batched4_gemv recorded=1 gpu_ms=0.01616
  layer=0 kind=recurrent family=gdn_scan stage=5 batch=B4 kernel=batched4_gemv recorded=1 gpu_ms=0.0088
  layer=0 kind=recurrent family=recurrent_gate stage=6 batch=B4 kernel=batched4_gemv recorded=0 gpu_ms=0
  layer=0 kind=recurrent family=ssm_output_projection stage=7 batch=B4 kernel=batched4_gemv recorded=0 gpu_ms=0
  layer=0 kind=recurrent family=residual_post_norm stage=8 batch=B4 kernel=batched4_gemv recorded=0 gpu_ms=0
  layer=0 kind=recurrent family=post_normalization stage=9 batch=B4 kernel=batched4_gemv recorded=0 gpu_ms=0
  layer=0 kind=recurrent family=ffn_gate_up_projection stage=10 batch=B4 kernel=batched4_gemv recorded=0 gpu_ms=0
  layer=0 kind=recurrent family=swiglu stage=11 batch=B4 kernel=batched4_gemv recorded=0 gpu_ms=0
  layer=0 kind=recurrent family=ffn_down_projection stage=12 batch=B4 kernel=batched4_gemv recorded=0 gpu_ms=0
  layer=0 kind=recurrent family=residual stage=13 batch=B4 kernel=batched4_gemv recorded=0 gpu_ms=0
  layer=0 kind=recurrent family=deferred_prefill_tail batch=B4 kernel=batched4_gemv gpu_ms=15.1916 total_ms=15.2559
  layer=0 kind=recurrent family=prefill_batch_prepare batch=B64 kernel=B4_gemv recorded=1 gpu_ms=4.18082
  layer=1 kind=recurrent family=normalization stage=0 batch=B4 kernel=batched4_gemv recorded=1 gpu_ms=0.004
  layer=1 kind=recurrent family=qkv_projection stage=1 batch=B4 kernel=batched4_gemv recorded=1 gpu_ms=0.004
  layer=1 kind=recurrent family=gate_projection stage=2 batch=B4 kernel=batched4_gemv recorded=1 gpu_ms=0.00416
  layer=1 kind=recurrent family=recurrent_parameter_projection stage=3 batch=B4 kernel=batched4_gemv recorded=1 gpu_ms=0.02176
  layer=1 kind=recurrent family=conv_and_head_norm stage=4 batch=B4 kernel=batched4_gemv recorded=1 gpu_ms=0.01632
  layer=1 kind=recurrent family=gdn_scan stage=5 batch=B4 kernel=batched4_gemv recorded=1 gpu_ms=0.00944
  layer=1 kind=recurrent family=recurrent_gate stage=6 batch=B4 kernel=batched4_gemv recorded=0 gpu_ms=0
  layer=1 kind=recurrent family=ssm_output_projection stage=7 batch=B4 kernel=batched4_gemv recorded=0 gpu_ms=0
  layer=1 kind=recurrent family=residual_post_norm stage=8 batch=B4 kernel=batched4_gemv recorded=0 gpu_ms=0
  layer=1 kind=recurrent family=post_normalization stage=9 batch=B4 kernel=batched4_gemv recorded=0 gpu_ms=0
  layer=1 kind=recurrent family=ffn_gate_up_projection stage=10 batch=B4 kernel=batched4_gemv recorded=0 gpu_ms=0
  layer=1 kind=recurrent family=swiglu stage=11 batch=B4 kernel=batched4_gemv recorded=0 gpu_ms=0
  layer=1 kind=recurrent family=ffn_down_projection stage=12 batch=B4 kernel=batched4_gemv recorded=0 gpu_ms=0
  layer=1 kind=recurrent family=residual stage=13 batch=B4 kernel=batched4_gemv recorded=0 gpu_ms=0
  layer=1 kind=recurrent family=deferred_prefill_tail batch=B4 kernel=batched4_gemv gpu_ms=15.1812 total_ms=15.2409
  layer=1 kind=recurrent family=prefill_batch_prepare batch=B64 kernel=B4_gemv recorded=1 gpu_ms=3.93857
  layer=2 kind=recurrent family=normalization stage=0 batch=B4 kernel=batched4_gemv recorded=1 gpu_ms=0.004
  layer=2 kind=recurrent family=qkv_projection stage=1 batch=B4 kernel=batched4_gemv recorded=1 gpu_ms=0.004
  layer=2 kind=recurrent family=gate_projection stage=2 batch=B4 kernel=batched4_gemv recorded=1 gpu_ms=0.00416
  layer=2 kind=recurrent family=recurrent_parameter_projection stage=3 batch=B4 kernel=batched4_gemv recorded=1 gpu_ms=0.0216
  layer=2 kind=recurrent family=conv_and_head_norm stage=4 batch=B4 kernel=batched4_gemv recorded=1 gpu_ms=0.016
  layer=2 kind=recurrent family=gdn_scan stage=5 batch=B4 kernel=batched4_gemv recorded=1 gpu_ms=0.00928
  layer=2 kind=recurrent family=recurrent_gate stage=6 batch=B4 kernel=batched4_gemv recorded=0 gpu_ms=0
  layer=2 kind=recurrent family=ssm_output_projection stage=7 batch=B4 kernel=batched4_gemv recorded=0 gpu_ms=0
  layer=2 kind=recurrent family=residual_post_norm stage=8 batch=B4 kernel=batched4_gemv recorded=0 gpu_ms=0
  layer=2 kind=recurrent family=post_normalization stage=9 batch=B4 kernel=batched4_gemv recorded=0 gpu_ms=0
  layer=2 kind=recurrent family=ffn_gate_up_projection stage=10 batch=B4 kernel=batched4_gemv recorded=0 gpu_ms=0
  layer=2 kind=recurrent family=swiglu stage=11 batch=B4 kernel=batched4_gemv recorded=0 gpu_ms=0
  layer=2 kind=recurrent family=ffn_down_projection stage=12 batch=B4 kernel=batched4_gemv recorded=0 gpu_ms=0
  layer=2 kind=recurrent family=residual stage=13 batch=B4 kernel=batched4_gemv recorded=0 gpu_ms=0
  layer=2 kind=recurrent family=deferred_prefill_tail batch=B4 kernel=batched4_gemv gpu_ms=15.2057 total_ms=15.2647
  layer=2 kind=recurrent family=prefill_batch_prepare batch=B64 kernel=B4_gemv recorded=1 gpu_ms=3.93777
  layer=3 kind=attention family=normalization stage=0 batch=B4 kernel=batched4_gemv recorded=1 gpu_ms=0.00416
  layer=3 kind=attention family=q_projection stage=1 batch=B4 kernel=batched4_gemv recorded=1 gpu_ms=0.00416
  layer=3 kind=attention family=query_norm_rope stage=2 batch=B4 kernel=batched4_gemv recorded=1 gpu_ms=0.01216
  layer=3 kind=attention family=k_projection stage=3 batch=B4 kernel=batched4_gemv recorded=1 gpu_ms=0.00416
  layer=3 kind=attention family=v_projection stage=4 batch=B4 kernel=batched4_gemv recorded=1 gpu_ms=0.00416
  layer=3 kind=attention family=kv_store stage=5 batch=B4 kernel=batched4_gemv recorded=1 gpu_ms=0.00432
  layer=3 kind=attention family=attention stage=6 batch=B4 kernel=batched4_gemv recorded=1 gpu_ms=0.012001
  layer=3 kind=attention family=attention_output_projection stage=7 batch=B4 kernel=batched4_gemv recorded=1 gpu_ms=0.172
  layer=3 kind=attention family=residual_post_norm stage=8 batch=B4 kernel=batched4_gemv recorded=0 gpu_ms=0
  layer=3 kind=attention family=post_normalization stage=9 batch=B4 kernel=batched4_gemv recorded=0 gpu_ms=0
  layer=3 kind=attention family=ffn_gate_up_projection stage=10 batch=B4 kernel=batched4_gemv recorded=0 gpu_ms=0
  layer=3 kind=attention family=swiglu stage=11 batch=B4 kernel=batched4_gemv recorded=0 gpu_ms=0
  layer=3 kind=attention family=ffn_down_projection stage=12 batch=B4 kernel=batched4_gemv recorded=0 gpu_ms=0
  layer=3 kind=attention family=residual stage=13 batch=B4 kernel=batched4_gemv recorded=0 gpu_ms=0
  layer=3 kind=attention family=residual stage=14 batch=B4 kernel=batched4_gemv recorded=0 gpu_ms=0
  layer=3 kind=attention family=deferred_prefill_tail batch=B4 kernel=batched4_gemv gpu_ms=13.0479 total_ms=13.265
  layer=3 kind=attention family=prefill_batch_prepare batch=B64 kernel=B4_gemv recorded=1 gpu_ms=3.54065
  layer=4 kind=recurrent family=normalization stage=0 batch=B4 kernel=batched4_gemv recorded=1 gpu_ms=0.004
  layer=4 kind=recurrent family=qkv_projection stage=1 batch=B4 kernel=batched4_gemv recorded=1 gpu_ms=0.004
  layer=4 kind=recurrent family=gate_projection stage=2 batch=B4 kernel=batched4_gemv recorded=1 gpu_ms=0.00432
  layer=4 kind=recurrent family=recurrent_parameter_projection stage=3 batch=B4 kernel=batched4_gemv recorded=1 gpu_ms=0.0216
  layer=4 kind=recurrent family=conv_and_head_norm stage=4 batch=B4 kernel=batched4_gemv recorded=1 gpu_ms=0.01632
  layer=4 kind=recurrent family=gdn_scan stage=5 batch=B4 kernel=batched4_gemv recorded=1 gpu_ms=0.0088
  layer=4 kind=recurrent family=recurrent_gate stage=6 batch=B4 kernel=batched4_gemv recorded=0 gpu_ms=0
  layer=4 kind=recurrent family=ssm_output_projection stage=7 batch=B4 kernel=batched4_gemv recorded=0 gpu_ms=0
  layer=4 kind=recurrent family=residual_post_norm stage=8 batch=B4 kernel=batched4_gemv recorded=0 gpu_ms=0
  layer=4 kind=recurrent family=post_normalization stage=9 batch=B4 kernel=batched4_gemv recorded=0 gpu_ms=0
  layer=4 kind=recurrent family=ffn_gate_up_projection stage=10 batch=B4 kernel=batched4_gemv recorded=0 gpu_ms=0
  layer=4 kind=recurrent family=swiglu stage=11 batch=B4 kernel=batched4_gemv recorded=0 gpu_ms=0
  layer=4 kind=recurrent family=ffn_down_projection stage=12 batch=B4 kernel=batched4_gemv recorded=0 gpu_ms=0
  layer=4 kind=recurrent family=residual stage=13 batch=B4 kernel=batched4_gemv recorded=0 gpu_ms=0
  layer=4 kind=recurrent family=deferred_prefill_tail batch=B4 kernel=batched4_gemv gpu_ms=15.2117 total_ms=15.2708
  layer=4 kind=recurrent family=prefill_batch_prepare batch=B64 kernel=B4_gemv recorded=1 gpu_ms=3.94817
  layer=5 kind=recurrent family=normalization stage=0 batch=B4 kernel=batched4_gemv recorded=1 gpu_ms=0.004
  layer=5 kind=recurrent family=qkv_projection stage=1 batch=B4 kernel=batched4_gemv recorded=1 gpu_ms=0.00416
  layer=5 kind=recurrent family=gate_projection stage=2 batch=B4 kernel=batched4_gemv recorded=1 gpu_ms=0.004
  layer=5 kind=recurrent family=recurrent_parameter_projection stage=3 batch=B4 kernel=batched4_gemv recorded=1 gpu_ms=0.02112
  layer=5 kind=recurrent family=conv_and_head_norm stage=4 batch=B4 kernel=batched4_gemv recorded=1 gpu_ms=0.01648
  layer=5 kind=recurrent family=gdn_scan stage=5 batch=B4 kernel=batched4_gemv recorded=1 gpu_ms=0.00896
  layer=5 kind=recurrent family=recurrent_gate stage=6 batch=B4 kernel=batched4_gemv recorded=0 gpu_ms=0
  layer=5 kind=recurrent family=ssm_output_projection stage=7 batch=B4 kernel=batched4_gemv recorded=0 gpu_ms=0
  layer=5 kind=recurrent family=residual_post_norm stage=8 batch=B4 kernel=batched4_gemv recorded=0 gpu_ms=0
  layer=5 kind=recurrent family=post_normalization stage=9 batch=B4 kernel=batched4_gemv recorded=0 gpu_ms=0
  layer=5 kind=recurrent family=ffn_gate_up_projection stage=10 batch=B4 kernel=batched4_gemv recorded=0 gpu_ms=0
  layer=5 kind=recurrent family=swiglu stage=11 batch=B4 kernel=batched4_gemv recorded=0 gpu_ms=0
  layer=5 kind=recurrent family=ffn_down_projection stage=12 batch=B4 kernel=batched4_gemv recorded=0 gpu_ms=0
  layer=5 kind=recurrent family=residual stage=13 batch=B4 kernel=batched4_gemv recorded=0 gpu_ms=0
  layer=5 kind=recurrent family=deferred_prefill_tail batch=B4 kernel=batched4_gemv gpu_ms=15.2181 total_ms=15.2769
  layer=5 kind=recurrent family=prefill_batch_prepare batch=B64 kernel=B4_gemv recorded=1 gpu_ms=3.94241
  layer=6 kind=recurrent family=normalization stage=0 batch=B4 kernel=batched4_gemv recorded=1 gpu_ms=0.00416
  layer=6 kind=recurrent family=qkv_projection stage=1 batch=B4 kernel=batched4_gemv recorded=1 gpu_ms=0.004
  layer=6 kind=recurrent family=gate_projection stage=2 batch=B4 kernel=batched4_gemv recorded=1 gpu_ms=0.00416
  layer=6 kind=recurrent family=recurrent_parameter_projection stage=3 batch=B4 kernel=batched4_gemv recorded=1 gpu_ms=0.02128
  layer=6 kind=recurrent family=conv_and_head_norm stage=4 batch=B4 kernel=batched4_gemv recorded=1 gpu_ms=0.01648
  layer=6 kind=recurrent family=gdn_scan stage=5 batch=B4 kernel=batched4_gemv recorded=1 gpu_ms=0.01344
  layer=6 kind=recurrent family=recurrent_gate stage=6 batch=B4 kernel=batched4_gemv recorded=0 gpu_ms=0
  layer=6 kind=recurrent family=ssm_output_projection stage=7 batch=B4 kernel=batched4_gemv recorded=0 gpu_ms=0
  layer=6 kind=recurrent family=residual_post_norm stage=8 batch=B4 kernel=batched4_gemv recorded=0 gpu_ms=0
  layer=6 kind=recurrent family=post_normalization stage=9 batch=B4 kernel=batched4_gemv recorded=0 gpu_ms=0
  layer=6 kind=recurrent family=ffn_gate_up_projection stage=10 batch=B4 kernel=batched4_gemv recorded=0 gpu_ms=0
  layer=6 kind=recurrent family=swiglu stage=11 batch=B4 kernel=batched4_gemv recorded=0 gpu_ms=0
  layer=6 kind=recurrent family=ffn_down_projection stage=12 batch=B4 kernel=batched4_gemv recorded=0 gpu_ms=0
  layer=6 kind=recurrent family=residual stage=13 batch=B4 kernel=batched4_gemv recorded=0 gpu_ms=0
  layer=6 kind=recurrent family=deferred_prefill_tail batch=B4 kernel=batched4_gemv gpu_ms=15.2292 total_ms=15.2927
  layer=6 kind=recurrent family=prefill_batch_prepare batch=B64 kernel=B4_gemv recorded=1 gpu_ms=3.93361
  layer=7 kind=attention family=normalization stage=0 batch=B4 kernel=batched4_gemv recorded=1 gpu_ms=0.00416
  layer=7 kind=attention family=q_projection stage=1 batch=B4 kernel=batched4_gemv recorded=1 gpu_ms=0.004
  layer=7 kind=attention family=query_norm_rope stage=2 batch=B4 kernel=batched4_gemv recorded=1 gpu_ms=0.01216
  layer=7 kind=attention family=k_projection stage=3 batch=B4 kernel=batched4_gemv recorded=1 gpu_ms=0.00416
  layer=7 kind=attention family=v_projection stage=4 batch=B4 kernel=batched4_gemv recorded=1 gpu_ms=0.00416
  layer=7 kind=attention family=kv_store stage=5 batch=B4 kernel=batched4_gemv recorded=1 gpu_ms=0.00416
  layer=7 kind=attention family=attention stage=6 batch=B4 kernel=batched4_gemv recorded=1 gpu_ms=0.012
  layer=7 kind=attention family=attention_output_projection stage=7 batch=B4 kernel=batched4_gemv recorded=1 gpu_ms=0.171681
  layer=7 kind=attention family=residual_post_norm stage=8 batch=B4 kernel=batched4_gemv recorded=0 gpu_ms=0
  layer=7 kind=attention family=post_normalization stage=9 batch=B4 kernel=batched4_gemv recorded=0 gpu_ms=0
  layer=7 kind=attention family=ffn_gate_up_projection stage=10 batch=B4 kernel=batched4_gemv recorded=0 gpu_ms=0
  layer=7 kind=attention family=swiglu stage=11 batch=B4 kernel=batched4_gemv recorded=0 gpu_ms=0
  layer=7 kind=attention family=ffn_down_projection stage=12 batch=B4 kernel=batched4_gemv recorded=0 gpu_ms=0
  layer=7 kind=attention family=residual stage=13 batch=B4 kernel=batched4_gemv recorded=0 gpu_ms=0
  layer=7 kind=attention family=residual stage=14 batch=B4 kernel=batched4_gemv recorded=0 gpu_ms=0
  layer=7 kind=attention family=deferred_prefill_tail batch=B4 kernel=batched4_gemv gpu_ms=13.044 total_ms=13.2605
  layer=7 kind=attention family=prefill_batch_prepare batch=B64 kernel=B4_gemv recorded=1 gpu_ms=3.54945
  layer=8 kind=recurrent family=normalization stage=0 batch=B4 kernel=batched4_gemv recorded=1 gpu_ms=0.00416
  layer=8 kind=recurrent family=qkv_projection stage=1 batch=B4 kernel=batched4_gemv recorded=1 gpu_ms=0.004
  layer=8 kind=recurrent family=gate_projection stage=2 batch=B4 kernel=batched4_gemv recorded=1 gpu_ms=0.00416
  layer=8 kind=recurrent family=recurrent_parameter_projection stage=3 batch=B4 kernel=batched4_gemv recorded=1 gpu_ms=0.02176
  layer=8 kind=recurrent family=conv_and_head_norm stage=4 batch=B4 kernel=batched4_gemv recorded=1 gpu_ms=0.01632
  layer=8 kind=recurrent family=gdn_scan stage=5 batch=B4 kernel=batched4_gemv recorded=1 gpu_ms=0.00896
  layer=8 kind=recurrent family=recurrent_gate stage=6 batch=B4 kernel=batched4_gemv recorded=0 gpu_ms=0
  layer=8 kind=recurrent family=ssm_output_projection stage=7 batch=B4 kernel=batched4_gemv recorded=0 gpu_ms=0
  layer=8 kind=recurrent family=residual_post_norm stage=8 batch=B4 kernel=batched4_gemv recorded=0 gpu_ms=0
  layer=8 kind=recurrent family=post_normalization stage=9 batch=B4 kernel=batched4_gemv recorded=0 gpu_ms=0
  layer=8 kind=recurrent family=ffn_gate_up_projection stage=10 batch=B4 kernel=batched4_gemv recorded=0 gpu_ms=0
  layer=8 kind=recurrent family=swiglu stage=11 batch=B4 kernel=batched4_gemv recorded=0 gpu_ms=0
  layer=8 kind=recurrent family=ffn_down_projection stage=12 batch=B4 kernel=batched4_gemv recorded=0 gpu_ms=0
  layer=8 kind=recurrent family=residual stage=13 batch=B4 kernel=batched4_gemv recorded=0 gpu_ms=0
  layer=8 kind=recurrent family=deferred_prefill_tail batch=B4 kernel=batched4_gemv gpu_ms=15.9973 total_ms=16.0567
  layer=8 kind=recurrent family=prefill_batch_prepare batch=B64 kernel=B4_gemv recorded=1 gpu_ms=3.91361
  layer=9 kind=recurrent family=normalization stage=0 batch=B4 kernel=batched4_gemv recorded=1 gpu_ms=0.00416
  layer=9 kind=recurrent family=qkv_projection stage=1 batch=B4 kernel=batched4_gemv recorded=1 gpu_ms=0.004
  layer=9 kind=recurrent family=gate_projection stage=2 batch=B4 kernel=batched4_gemv recorded=1 gpu_ms=0.00416
  layer=9 kind=recurrent family=recurrent_parameter_projection stage=3 batch=B4 kernel=batched4_gemv recorded=1 gpu_ms=0.021121
  layer=9 kind=recurrent family=conv_and_head_norm stage=4 batch=B4 kernel=batched4_gemv recorded=1 gpu_ms=0.01648
  layer=9 kind=recurrent family=gdn_scan stage=5 batch=B4 kernel=batched4_gemv recorded=1 gpu_ms=0.00912
  layer=9 kind=recurrent family=recurrent_gate stage=6 batch=B4 kernel=batched4_gemv recorded=0 gpu_ms=0
  layer=9 kind=recurrent family=ssm_output_projection stage=7 batch=B4 kernel=batched4_gemv recorded=0 gpu_ms=0
  layer=9 kind=recurrent family=residual_post_norm stage=8 batch=B4 kernel=batched4_gemv recorded=0 gpu_ms=0
  layer=9 kind=recurrent family=post_normalization stage=9 batch=B4 kernel=batched4_gemv recorded=0 gpu_ms=0
  layer=9 kind=recurrent family=ffn_gate_up_projection stage=10 batch=B4 kernel=batched4_gemv recorded=0 gpu_ms=0
  layer=9 kind=recurrent family=swiglu stage=11 batch=B4 kernel=batched4_gemv recorded=0 gpu_ms=0
  layer=9 kind=recurrent family=ffn_down_projection stage=12 batch=B4 kernel=batched4_gemv recorded=0 gpu_ms=0
  layer=9 kind=recurrent family=residual stage=13 batch=B4 kernel=batched4_gemv recorded=0 gpu_ms=0
  layer=9 kind=recurrent family=deferred_prefill_tail batch=B4 kernel=batched4_gemv gpu_ms=15.9644 total_ms=16.0234
  layer=9 kind=recurrent family=prefill_batch_prepare batch=B64 kernel=B4_gemv recorded=1 gpu_ms=3.92849
  layer=10 kind=recurrent family=normalization stage=0 batch=B4 kernel=batched4_gemv recorded=1 gpu_ms=0.00416
  layer=10 kind=recurrent family=qkv_projection stage=1 batch=B4 kernel=batched4_gemv recorded=1 gpu_ms=0.004
  layer=10 kind=recurrent family=gate_projection stage=2 batch=B4 kernel=batched4_gemv recorded=1 gpu_ms=0.00416
  layer=10 kind=recurrent family=recurrent_parameter_projection stage=3 batch=B4 kernel=batched4_gemv recorded=1 gpu_ms=0.02176
  layer=10 kind=recurrent family=conv_and_head_norm stage=4 batch=B4 kernel=batched4_gemv recorded=1 gpu_ms=0.01616
  layer=10 kind=recurrent family=gdn_scan stage=5 batch=B4 kernel=batched4_gemv recorded=1 gpu_ms=0.0088
  layer=10 kind=recurrent family=recurrent_gate stage=6 batch=B4 kernel=batched4_gemv recorded=0 gpu_ms=0
  layer=10 kind=recurrent family=ssm_output_projection stage=7 batch=B4 kernel=batched4_gemv recorded=0 gpu_ms=0
  layer=10 kind=recurrent family=residual_post_norm stage=8 batch=B4 kernel=batched4_gemv recorded=0 gpu_ms=0
  layer=10 kind=recurrent family=post_normalization stage=9 batch=B4 kernel=batched4_gemv recorded=0 gpu_ms=0
  layer=10 kind=recurrent family=ffn_gate_up_projection stage=10 batch=B4 kernel=batched4_gemv recorded=0 gpu_ms=0
  layer=10 kind=recurrent family=swiglu stage=11 batch=B4 kernel=batched4_gemv recorded=0 gpu_ms=0
  layer=10 kind=recurrent family=ffn_down_projection stage=12 batch=B4 kernel=batched4_gemv recorded=0 gpu_ms=0
  layer=10 kind=recurrent family=residual stage=13 batch=B4 kernel=batched4_gemv recorded=0 gpu_ms=0
  layer=10 kind=recurrent family=deferred_prefill_tail batch=B4 kernel=batched4_gemv gpu_ms=15.2106 total_ms=15.2697
  layer=10 kind=recurrent family=prefill_batch_prepare batch=B64 kernel=B4_gemv recorded=1 gpu_ms=3.93473
  layer=11 kind=attention family=normalization stage=0 batch=B4 kernel=batched4_gemv recorded=1 gpu_ms=0.00416
  layer=11 kind=attention family=q_projection stage=1 batch=B4 kernel=batched4_gemv recorded=1 gpu_ms=0.00416
  layer=11 kind=attention family=query_norm_rope stage=2 batch=B4 kernel=batched4_gemv recorded=1 gpu_ms=0.01232
  layer=11 kind=attention family=k_projection stage=3 batch=B4 kernel=batched4_gemv recorded=1 gpu_ms=0.004
  layer=11 kind=attention family=v_projection stage=4 batch=B4 kernel=batched4_gemv recorded=1 gpu_ms=0.00416
  layer=11 kind=attention family=kv_store stage=5 batch=B4 kernel=batched4_gemv recorded=1 gpu_ms=0.00416
  layer=11 kind=attention family=attention stage=6 batch=B4 kernel=batched4_gemv recorded=1 gpu_ms=0.012
  layer=11 kind=attention family=attention_output_projection stage=7 batch=B4 kernel=batched4_gemv recorded=1 gpu_ms=0.175521
  layer=11 kind=attention family=residual_post_norm stage=8 batch=B4 kernel=batched4_gemv recorded=0 gpu_ms=0
  layer=11 kind=attention family=post_normalization stage=9 batch=B4 kernel=batched4_gemv recorded=0 gpu_ms=0
  layer=11 kind=attention family=ffn_gate_up_projection stage=10 batch=B4 kernel=batched4_gemv recorded=0 gpu_ms=0
  layer=11 kind=attention family=swiglu stage=11 batch=B4 kernel=batched4_gemv recorded=0 gpu_ms=0
  layer=11 kind=attention family=ffn_down_projection stage=12 batch=B4 kernel=batched4_gemv recorded=0 gpu_ms=0
  layer=11 kind=attention family=residual stage=13 batch=B4 kernel=batched4_gemv recorded=0 gpu_ms=0
  layer=11 kind=attention family=residual stage=14 batch=B4 kernel=batched4_gemv recorded=0 gpu_ms=0
  layer=11 kind=attention family=deferred_prefill_tail batch=B4 kernel=batched4_gemv gpu_ms=13.8183 total_ms=14.0388
  layer=11 kind=attention family=prefill_batch_prepare batch=B64 kernel=B4_gemv recorded=1 gpu_ms=3.54497
  layer=12 kind=recurrent family=normalization stage=0 batch=B4 kernel=batched4_gemv recorded=1 gpu_ms=0.00416
  layer=12 kind=recurrent family=qkv_projection stage=1 batch=B4 kernel=batched4_gemv recorded=1 gpu_ms=0.004
  layer=12 kind=recurrent family=gate_projection stage=2 batch=B4 kernel=batched4_gemv recorded=1 gpu_ms=0.004
  layer=12 kind=recurrent family=recurrent_parameter_projection stage=3 batch=B4 kernel=batched4_gemv recorded=1 gpu_ms=0.0216
  layer=12 kind=recurrent family=conv_and_head_norm stage=4 batch=B4 kernel=batched4_gemv recorded=1 gpu_ms=0.016161
  layer=12 kind=recurrent family=gdn_scan stage=5 batch=B4 kernel=batched4_gemv recorded=1 gpu_ms=0.00912
  layer=12 kind=recurrent family=recurrent_gate stage=6 batch=B4 kernel=batched4_gemv recorded=0 gpu_ms=0
  layer=12 kind=recurrent family=ssm_output_projection stage=7 batch=B4 kernel=batched4_gemv recorded=0 gpu_ms=0
  layer=12 kind=recurrent family=residual_post_norm stage=8 batch=B4 kernel=batched4_gemv recorded=0 gpu_ms=0
  layer=12 kind=recurrent family=post_normalization stage=9 batch=B4 kernel=batched4_gemv recorded=0 gpu_ms=0
  layer=12 kind=recurrent family=ffn_gate_up_projection stage=10 batch=B4 kernel=batched4_gemv recorded=0 gpu_ms=0
  layer=12 kind=recurrent family=swiglu stage=11 batch=B4 kernel=batched4_gemv recorded=0 gpu_ms=0
  layer=12 kind=recurrent family=ffn_down_projection stage=12 batch=B4 kernel=batched4_gemv recorded=0 gpu_ms=0
  layer=12 kind=recurrent family=residual stage=13 batch=B4 kernel=batched4_gemv recorded=0 gpu_ms=0
  layer=12 kind=recurrent family=deferred_prefill_tail batch=B4 kernel=batched4_gemv gpu_ms=15.9961 total_ms=16.0551
  layer=12 kind=recurrent family=prefill_batch_prepare batch=B64 kernel=B4_gemv recorded=1 gpu_ms=3.91793
  layer=13 kind=recurrent family=normalization stage=0 batch=B4 kernel=batched4_gemv recorded=1 gpu_ms=0.004
  layer=13 kind=recurrent family=qkv_projection stage=1 batch=B4 kernel=batched4_gemv recorded=1 gpu_ms=0.00416
  layer=13 kind=recurrent family=gate_projection stage=2 batch=B4 kernel=batched4_gemv recorded=1 gpu_ms=0.004
  layer=13 kind=recurrent family=recurrent_parameter_projection stage=3 batch=B4 kernel=batched4_gemv recorded=1 gpu_ms=0.02192
  layer=13 kind=recurrent family=conv_and_head_norm stage=4 batch=B4 kernel=batched4_gemv recorded=1 gpu_ms=0.01632
  layer=13 kind=recurrent family=gdn_scan stage=5 batch=B4 kernel=batched4_gemv recorded=1 gpu_ms=0.00896
  layer=13 kind=recurrent family=recurrent_gate stage=6 batch=B4 kernel=batched4_gemv recorded=0 gpu_ms=0
  layer=13 kind=recurrent family=ssm_output_projection stage=7 batch=B4 kernel=batched4_gemv recorded=0 gpu_ms=0
  layer=13 kind=recurrent family=residual_post_norm stage=8 batch=B4 kernel=batched4_gemv recorded=0 gpu_ms=0
  layer=13 kind=recurrent family=post_normalization stage=9 batch=B4 kernel=batched4_gemv recorded=0 gpu_ms=0
  layer=13 kind=recurrent family=ffn_gate_up_projection stage=10 batch=B4 kernel=batched4_gemv recorded=0 gpu_ms=0
  layer=13 kind=recurrent family=swiglu stage=11 batch=B4 kernel=batched4_gemv recorded=0 gpu_ms=0
  layer=13 kind=recurrent family=ffn_down_projection stage=12 batch=B4 kernel=batched4_gemv recorded=0 gpu_ms=0
  layer=13 kind=recurrent family=residual stage=13 batch=B4 kernel=batched4_gemv recorded=0 gpu_ms=0
  layer=13 kind=recurrent family=deferred_prefill_tail batch=B4 kernel=batched4_gemv gpu_ms=15.2053 total_ms=15.2647
  layer=13 kind=recurrent family=prefill_batch_prepare batch=B64 kernel=B4_gemv recorded=1 gpu_ms=3.93441
  layer=14 kind=recurrent family=normalization stage=0 batch=B4 kernel=batched4_gemv recorded=1 gpu_ms=0.00416
  layer=14 kind=recurrent family=qkv_projection stage=1 batch=B4 kernel=batched4_gemv recorded=1 gpu_ms=0.004
  layer=14 kind=recurrent family=gate_projection stage=2 batch=B4 kernel=batched4_gemv recorded=1 gpu_ms=0.00416
  layer=14 kind=recurrent family=recurrent_parameter_projection stage=3 batch=B4 kernel=batched4_gemv recorded=1 gpu_ms=0.0216
  layer=14 kind=recurrent family=conv_and_head_norm stage=4 batch=B4 kernel=batched4_gemv recorded=1 gpu_ms=0.01632
  layer=14 kind=recurrent family=gdn_scan stage=5 batch=B4 kernel=batched4_gemv recorded=1 gpu_ms=0.00864
  layer=14 kind=recurrent family=recurrent_gate stage=6 batch=B4 kernel=batched4_gemv recorded=0 gpu_ms=0
  layer=14 kind=recurrent family=ssm_output_projection stage=7 batch=B4 kernel=batched4_gemv recorded=0 gpu_ms=0
  layer=14 kind=recurrent family=residual_post_norm stage=8 batch=B4 kernel=batched4_gemv recorded=0 gpu_ms=0
  layer=14 kind=recurrent family=post_normalization stage=9 batch=B4 kernel=batched4_gemv recorded=0 gpu_ms=0
  layer=14 kind=recurrent family=ffn_gate_up_projection stage=10 batch=B4 kernel=batched4_gemv recorded=0 gpu_ms=0
  layer=14 kind=recurrent family=swiglu stage=11 batch=B4 kernel=batched4_gemv recorded=0 gpu_ms=0
  layer=14 kind=recurrent family=ffn_down_projection stage=12 batch=B4 kernel=batched4_gemv recorded=0 gpu_ms=0
  layer=14 kind=recurrent family=residual stage=13 batch=B4 kernel=batched4_gemv recorded=0 gpu_ms=0
  layer=14 kind=recurrent family=deferred_prefill_tail batch=B4 kernel=batched4_gemv gpu_ms=16.0114 total_ms=16.0703
  layer=14 kind=recurrent family=prefill_batch_prepare batch=B64 kernel=B4_gemv recorded=1 gpu_ms=3.91841
  layer=15 kind=attention family=normalization stage=0 batch=B4 kernel=batched4_gemv recorded=1 gpu_ms=0.00416
  layer=15 kind=attention family=q_projection stage=1 batch=B4 kernel=batched4_gemv recorded=1 gpu_ms=0.004
  layer=15 kind=attention family=query_norm_rope stage=2 batch=B4 kernel=batched4_gemv recorded=1 gpu_ms=0.01216
  layer=15 kind=attention family=k_projection stage=3 batch=B4 kernel=batched4_gemv recorded=1 gpu_ms=0.00416
  layer=15 kind=attention family=v_projection stage=4 batch=B4 kernel=batched4_gemv recorded=1 gpu_ms=0.00416
  layer=15 kind=attention family=kv_store stage=5 batch=B4 kernel=batched4_gemv recorded=1 gpu_ms=0.004
  layer=15 kind=attention family=attention stage=6 batch=B4 kernel=batched4_gemv recorded=1 gpu_ms=0.012
  layer=15 kind=attention family=attention_output_projection stage=7 batch=B4 kernel=batched4_gemv recorded=1 gpu_ms=0.172321
  layer=15 kind=attention family=residual_post_norm stage=8 batch=B4 kernel=batched4_gemv recorded=0 gpu_ms=0
  layer=15 kind=attention family=post_normalization stage=9 batch=B4 kernel=batched4_gemv recorded=0 gpu_ms=0
  layer=15 kind=attention family=ffn_gate_up_projection stage=10 batch=B4 kernel=batched4_gemv recorded=0 gpu_ms=0
  layer=15 kind=attention family=swiglu stage=11 batch=B4 kernel=batched4_gemv recorded=0 gpu_ms=0
  layer=15 kind=attention family=ffn_down_projection stage=12 batch=B4 kernel=batched4_gemv recorded=0 gpu_ms=0
  layer=15 kind=attention family=residual stage=13 batch=B4 kernel=batched4_gemv recorded=0 gpu_ms=0
  layer=15 kind=attention family=residual stage=14 batch=B4 kernel=batched4_gemv recorded=0 gpu_ms=0
  layer=15 kind=attention family=deferred_prefill_tail batch=B4 kernel=batched4_gemv gpu_ms=13.832 total_ms=14.049
  layer=15 kind=attention family=prefill_batch_prepare batch=B64 kernel=B4_gemv recorded=1 gpu_ms=3.54289
  layer=16 kind=recurrent family=normalization stage=0 batch=B4 kernel=batched4_gemv recorded=1 gpu_ms=0.004
  layer=16 kind=recurrent family=qkv_projection stage=1 batch=B4 kernel=batched4_gemv recorded=1 gpu_ms=0.004
  layer=16 kind=recurrent family=gate_projection stage=2 batch=B4 kernel=batched4_gemv recorded=1 gpu_ms=0.004
  layer=16 kind=recurrent family=recurrent_parameter_projection stage=3 batch=B4 kernel=batched4_gemv recorded=1 gpu_ms=0.02192
  layer=16 kind=recurrent family=conv_and_head_norm stage=4 batch=B4 kernel=batched4_gemv recorded=1 gpu_ms=0.01648
  layer=16 kind=recurrent family=gdn_scan stage=5 batch=B4 kernel=batched4_gemv recorded=1 gpu_ms=0.0088
  layer=16 kind=recurrent family=recurrent_gate stage=6 batch=B4 kernel=batched4_gemv recorded=0 gpu_ms=0
  layer=16 kind=recurrent family=ssm_output_projection stage=7 batch=B4 kernel=batched4_gemv recorded=0 gpu_ms=0
  layer=16 kind=recurrent family=residual_post_norm stage=8 batch=B4 kernel=batched4_gemv recorded=0 gpu_ms=0
  layer=16 kind=recurrent family=post_normalization stage=9 batch=B4 kernel=batched4_gemv recorded=0 gpu_ms=0
  layer=16 kind=recurrent family=ffn_gate_up_projection stage=10 batch=B4 kernel=batched4_gemv recorded=0 gpu_ms=0
  layer=16 kind=recurrent family=swiglu stage=11 batch=B4 kernel=batched4_gemv recorded=0 gpu_ms=0
  layer=16 kind=recurrent family=ffn_down_projection stage=12 batch=B4 kernel=batched4_gemv recorded=0 gpu_ms=0
  layer=16 kind=recurrent family=residual stage=13 batch=B4 kernel=batched4_gemv recorded=0 gpu_ms=0
  layer=16 kind=recurrent family=deferred_prefill_tail batch=B4 kernel=batched4_gemv gpu_ms=15.2444 total_ms=15.3036
  layer=16 kind=recurrent family=prefill_batch_prepare batch=B64 kernel=B4_gemv recorded=1 gpu_ms=3.94593
  layer=17 kind=recurrent family=normalization stage=0 batch=B4 kernel=batched4_gemv recorded=1 gpu_ms=0.004
  layer=17 kind=recurrent family=qkv_projection stage=1 batch=B4 kernel=batched4_gemv recorded=1 gpu_ms=0.00416
  layer=17 kind=recurrent family=gate_projection stage=2 batch=B4 kernel=batched4_gemv recorded=1 gpu_ms=0.00416
  layer=17 kind=recurrent family=recurrent_parameter_projection stage=3 batch=B4 kernel=batched4_gemv recorded=1 gpu_ms=0.0216
  layer=17 kind=recurrent family=conv_and_head_norm stage=4 batch=B4 kernel=batched4_gemv recorded=1 gpu_ms=0.01648
  layer=17 kind=recurrent family=gdn_scan stage=5 batch=B4 kernel=batched4_gemv recorded=1 gpu_ms=0.0088
  layer=17 kind=recurrent family=recurrent_gate stage=6 batch=B4 kernel=batched4_gemv recorded=0 gpu_ms=0
  layer=17 kind=recurrent family=ssm_output_projection stage=7 batch=B4 kernel=batched4_gemv recorded=0 gpu_ms=0
  layer=17 kind=recurrent family=residual_post_norm stage=8 batch=B4 kernel=batched4_gemv recorded=0 gpu_ms=0
  layer=17 kind=recurrent family=post_normalization stage=9 batch=B4 kernel=batched4_gemv recorded=0 gpu_ms=0
  layer=17 kind=recurrent family=ffn_gate_up_projection stage=10 batch=B4 kernel=batched4_gemv recorded=0 gpu_ms=0
  layer=17 kind=recurrent family=swiglu stage=11 batch=B4 kernel=batched4_gemv recorded=0 gpu_ms=0
  layer=17 kind=recurrent family=ffn_down_projection stage=12 batch=B4 kernel=batched4_gemv recorded=0 gpu_ms=0
  layer=17 kind=recurrent family=residual stage=13 batch=B4 kernel=batched4_gemv recorded=0 gpu_ms=0
  layer=17 kind=recurrent family=deferred_prefill_tail batch=B4 kernel=batched4_gemv gpu_ms=16.0001 total_ms=16.0593
  layer=17 kind=recurrent family=prefill_batch_prepare batch=B64 kernel=B4_gemv recorded=1 gpu_ms=3.91761
  layer=18 kind=recurrent family=normalization stage=0 batch=B4 kernel=batched4_gemv recorded=1 gpu_ms=0.004
  layer=18 kind=recurrent family=qkv_projection stage=1 batch=B4 kernel=batched4_gemv recorded=1 gpu_ms=0.00416
  layer=18 kind=recurrent family=gate_projection stage=2 batch=B4 kernel=batched4_gemv recorded=1 gpu_ms=0.004
  layer=18 kind=recurrent family=recurrent_parameter_projection stage=3 batch=B4 kernel=batched4_gemv recorded=1 gpu_ms=0.02208
  layer=18 kind=recurrent family=conv_and_head_norm stage=4 batch=B4 kernel=batched4_gemv recorded=1 gpu_ms=0.01632
  layer=18 kind=recurrent family=gdn_scan stage=5 batch=B4 kernel=batched4_gemv recorded=1 gpu_ms=0.0088
  layer=18 kind=recurrent family=recurrent_gate stage=6 batch=B4 kernel=batched4_gemv recorded=0 gpu_ms=0
  layer=18 kind=recurrent family=ssm_output_projection stage=7 batch=B4 kernel=batched4_gemv recorded=0 gpu_ms=0
  layer=18 kind=recurrent family=residual_post_norm stage=8 batch=B4 kernel=batched4_gemv recorded=0 gpu_ms=0
  layer=18 kind=recurrent family=post_normalization stage=9 batch=B4 kernel=batched4_gemv recorded=0 gpu_ms=0
  layer=18 kind=recurrent family=ffn_gate_up_projection stage=10 batch=B4 kernel=batched4_gemv recorded=0 gpu_ms=0
  layer=18 kind=recurrent family=swiglu stage=11 batch=B4 kernel=batched4_gemv recorded=0 gpu_ms=0
  layer=18 kind=recurrent family=ffn_down_projection stage=12 batch=B4 kernel=batched4_gemv recorded=0 gpu_ms=0
  layer=18 kind=recurrent family=residual stage=13 batch=B4 kernel=batched4_gemv recorded=0 gpu_ms=0
  layer=18 kind=recurrent family=deferred_prefill_tail batch=B4 kernel=batched4_gemv gpu_ms=15.9953 total_ms=16.0546
  layer=18 kind=recurrent family=prefill_batch_prepare batch=B64 kernel=B4_gemv recorded=1 gpu_ms=3.92193
  layer=19 kind=attention family=normalization stage=0 batch=B4 kernel=batched4_gemv recorded=1 gpu_ms=0.00416
  layer=19 kind=attention family=q_projection stage=1 batch=B4 kernel=batched4_gemv recorded=1 gpu_ms=0.00416
  layer=19 kind=attention family=query_norm_rope stage=2 batch=B4 kernel=batched4_gemv recorded=1 gpu_ms=0.01216
  layer=19 kind=attention family=k_projection stage=3 batch=B4 kernel=batched4_gemv recorded=1 gpu_ms=0.00416
  layer=19 kind=attention family=v_projection stage=4 batch=B4 kernel=batched4_gemv recorded=1 gpu_ms=0.00416
  layer=19 kind=attention family=kv_store stage=5 batch=B4 kernel=batched4_gemv recorded=1 gpu_ms=0.00416
  layer=19 kind=attention family=attention stage=6 batch=B4 kernel=batched4_gemv recorded=1 gpu_ms=0.01184
  layer=19 kind=attention family=attention_output_projection stage=7 batch=B4 kernel=batched4_gemv recorded=1 gpu_ms=0.170561
  layer=19 kind=attention family=residual_post_norm stage=8 batch=B4 kernel=batched4_gemv recorded=0 gpu_ms=0
  layer=19 kind=attention family=post_normalization stage=9 batch=B4 kernel=batched4_gemv recorded=0 gpu_ms=0
  layer=19 kind=attention family=ffn_gate_up_projection stage=10 batch=B4 kernel=batched4_gemv recorded=0 gpu_ms=0
  layer=19 kind=attention family=swiglu stage=11 batch=B4 kernel=batched4_gemv recorded=0 gpu_ms=0
  layer=19 kind=attention family=ffn_down_projection stage=12 batch=B4 kernel=batched4_gemv recorded=0 gpu_ms=0
  layer=19 kind=attention family=residual stage=13 batch=B4 kernel=batched4_gemv recorded=0 gpu_ms=0
  layer=19 kind=attention family=residual stage=14 batch=B4 kernel=batched4_gemv recorded=0 gpu_ms=0
  layer=19 kind=attention family=deferred_prefill_tail batch=B4 kernel=batched4_gemv gpu_ms=13.0335 total_ms=13.2488
  layer=19 kind=attention family=prefill_batch_prepare batch=B64 kernel=B4_gemv recorded=1 gpu_ms=3.54945
  layer=20 kind=recurrent family=normalization stage=0 batch=B4 kernel=batched4_gemv recorded=1 gpu_ms=0.00416
  layer=20 kind=recurrent family=qkv_projection stage=1 batch=B4 kernel=batched4_gemv recorded=1 gpu_ms=0.00416
  layer=20 kind=recurrent family=gate_projection stage=2 batch=B4 kernel=batched4_gemv recorded=1 gpu_ms=0.00416
  layer=20 kind=recurrent family=recurrent_parameter_projection stage=3 batch=B4 kernel=batched4_gemv recorded=1 gpu_ms=0.02176
  layer=20 kind=recurrent family=conv_and_head_norm stage=4 batch=B4 kernel=batched4_gemv recorded=1 gpu_ms=0.016
  layer=20 kind=recurrent family=gdn_scan stage=5 batch=B4 kernel=batched4_gemv recorded=1 gpu_ms=0.00896
  layer=20 kind=recurrent family=recurrent_gate stage=6 batch=B4 kernel=batched4_gemv recorded=0 gpu_ms=0
  layer=20 kind=recurrent family=ssm_output_projection stage=7 batch=B4 kernel=batched4_gemv recorded=0 gpu_ms=0
  layer=20 kind=recurrent family=residual_post_norm stage=8 batch=B4 kernel=batched4_gemv recorded=0 gpu_ms=0
  layer=20 kind=recurrent family=post_normalization stage=9 batch=B4 kernel=batched4_gemv recorded=0 gpu_ms=0
  layer=20 kind=recurrent family=ffn_gate_up_projection stage=10 batch=B4 kernel=batched4_gemv recorded=0 gpu_ms=0
  layer=20 kind=recurrent family=swiglu stage=11 batch=B4 kernel=batched4_gemv recorded=0 gpu_ms=0
  layer=20 kind=recurrent family=ffn_down_projection stage=12 batch=B4 kernel=batched4_gemv recorded=0 gpu_ms=0
  layer=20 kind=recurrent family=residual stage=13 batch=B4 kernel=batched4_gemv recorded=0 gpu_ms=0
  layer=20 kind=recurrent family=deferred_prefill_tail batch=B4 kernel=batched4_gemv gpu_ms=15.9901 total_ms=16.0493
  layer=20 kind=recurrent family=prefill_batch_prepare batch=B64 kernel=B4_gemv recorded=1 gpu_ms=3.92353
  layer=21 kind=recurrent family=normalization stage=0 batch=B4 kernel=batched4_gemv recorded=1 gpu_ms=0.004
  layer=21 kind=recurrent family=qkv_projection stage=1 batch=B4 kernel=batched4_gemv recorded=1 gpu_ms=0.004
  layer=21 kind=recurrent family=gate_projection stage=2 batch=B4 kernel=batched4_gemv recorded=1 gpu_ms=0.00416
  layer=21 kind=recurrent family=recurrent_parameter_projection stage=3 batch=B4 kernel=batched4_gemv recorded=1 gpu_ms=0.02224
  layer=21 kind=recurrent family=conv_and_head_norm stage=4 batch=B4 kernel=batched4_gemv recorded=1 gpu_ms=0.01632
  layer=21 kind=recurrent family=gdn_scan stage=5 batch=B4 kernel=batched4_gemv recorded=1 gpu_ms=0.0088
  layer=21 kind=recurrent family=recurrent_gate stage=6 batch=B4 kernel=batched4_gemv recorded=0 gpu_ms=0
  layer=21 kind=recurrent family=ssm_output_projection stage=7 batch=B4 kernel=batched4_gemv recorded=0 gpu_ms=0
  layer=21 kind=recurrent family=residual_post_norm stage=8 batch=B4 kernel=batched4_gemv recorded=0 gpu_ms=0
  layer=21 kind=recurrent family=post_normalization stage=9 batch=B4 kernel=batched4_gemv recorded=0 gpu_ms=0
  layer=21 kind=recurrent family=ffn_gate_up_projection stage=10 batch=B4 kernel=batched4_gemv recorded=0 gpu_ms=0
  layer=21 kind=recurrent family=swiglu stage=11 batch=B4 kernel=batched4_gemv recorded=0 gpu_ms=0
  layer=21 kind=recurrent family=ffn_down_projection stage=12 batch=B4 kernel=batched4_gemv recorded=0 gpu_ms=0
  layer=21 kind=recurrent family=residual stage=13 batch=B4 kernel=batched4_gemv recorded=0 gpu_ms=0
  layer=21 kind=recurrent family=deferred_prefill_tail batch=B4 kernel=batched4_gemv gpu_ms=15.958 total_ms=16.0175
  layer=21 kind=recurrent family=prefill_batch_prepare batch=B64 kernel=B4_gemv recorded=1 gpu_ms=3.91585
  layer=22 kind=recurrent family=normalization stage=0 batch=B4 kernel=batched4_gemv recorded=1 gpu_ms=0.00416
  layer=22 kind=recurrent family=qkv_projection stage=1 batch=B4 kernel=batched4_gemv recorded=1 gpu_ms=0.00416
  layer=22 kind=recurrent family=gate_projection stage=2 batch=B4 kernel=batched4_gemv recorded=1 gpu_ms=0.00416
  layer=22 kind=recurrent family=recurrent_parameter_projection stage=3 batch=B4 kernel=batched4_gemv recorded=1 gpu_ms=0.0216
  layer=22 kind=recurrent family=conv_and_head_norm stage=4 batch=B4 kernel=batched4_gemv recorded=1 gpu_ms=0.01632
  layer=22 kind=recurrent family=gdn_scan stage=5 batch=B4 kernel=batched4_gemv recorded=1 gpu_ms=0.008801
  layer=22 kind=recurrent family=recurrent_gate stage=6 batch=B4 kernel=batched4_gemv recorded=0 gpu_ms=0
  layer=22 kind=recurrent family=ssm_output_projection stage=7 batch=B4 kernel=batched4_gemv recorded=0 gpu_ms=0
  layer=22 kind=recurrent family=residual_post_norm stage=8 batch=B4 kernel=batched4_gemv recorded=0 gpu_ms=0
  layer=22 kind=recurrent family=post_normalization stage=9 batch=B4 kernel=batched4_gemv recorded=0 gpu_ms=0
  layer=22 kind=recurrent family=ffn_gate_up_projection stage=10 batch=B4 kernel=batched4_gemv recorded=0 gpu_ms=0
  layer=22 kind=recurrent family=swiglu stage=11 batch=B4 kernel=batched4_gemv recorded=0 gpu_ms=0
  layer=22 kind=recurrent family=ffn_down_projection stage=12 batch=B4 kernel=batched4_gemv recorded=0 gpu_ms=0
  layer=22 kind=recurrent family=residual stage=13 batch=B4 kernel=batched4_gemv recorded=0 gpu_ms=0
  layer=22 kind=recurrent family=deferred_prefill_tail batch=B4 kernel=batched4_gemv gpu_ms=15.2061 total_ms=15.2653
  layer=22 kind=recurrent family=prefill_batch_prepare batch=B64 kernel=B4_gemv recorded=1 gpu_ms=3.93649
  layer=23 kind=attention family=normalization stage=0 batch=B4 kernel=batched4_gemv recorded=1 gpu_ms=0.00416
  layer=23 kind=attention family=q_projection stage=1 batch=B4 kernel=batched4_gemv recorded=1 gpu_ms=0.004
  layer=23 kind=attention family=query_norm_rope stage=2 batch=B4 kernel=batched4_gemv recorded=1 gpu_ms=0.01216
  layer=23 kind=attention family=k_projection stage=3 batch=B4 kernel=batched4_gemv recorded=1 gpu_ms=0.00416
  layer=23 kind=attention family=v_projection stage=4 batch=B4 kernel=batched4_gemv recorded=1 gpu_ms=0.00416
  layer=23 kind=attention family=kv_store stage=5 batch=B4 kernel=batched4_gemv recorded=1 gpu_ms=0.004
  layer=23 kind=attention family=attention stage=6 batch=B4 kernel=batched4_gemv recorded=1 gpu_ms=0.012
  layer=23 kind=attention family=attention_output_projection stage=7 batch=B4 kernel=batched4_gemv recorded=1 gpu_ms=0.171361
  layer=23 kind=attention family=residual_post_norm stage=8 batch=B4 kernel=batched4_gemv recorded=0 gpu_ms=0
  layer=23 kind=attention family=post_normalization stage=9 batch=B4 kernel=batched4_gemv recorded=0 gpu_ms=0
  layer=23 kind=attention family=ffn_gate_up_projection stage=10 batch=B4 kernel=batched4_gemv recorded=0 gpu_ms=0
  layer=23 kind=attention family=swiglu stage=11 batch=B4 kernel=batched4_gemv recorded=0 gpu_ms=0
  layer=23 kind=attention family=ffn_down_projection stage=12 batch=B4 kernel=batched4_gemv recorded=0 gpu_ms=0
  layer=23 kind=attention family=residual stage=13 batch=B4 kernel=batched4_gemv recorded=0 gpu_ms=0
  layer=23 kind=attention family=residual stage=14 batch=B4 kernel=batched4_gemv recorded=0 gpu_ms=0
  layer=23 kind=attention family=deferred_prefill_tail batch=B4 kernel=batched4_gemv gpu_ms=13.8042 total_ms=14.0202
  layer=23 kind=attention family=prefill_batch_prepare batch=B64 kernel=B4_gemv recorded=1 gpu_ms=3.55537
  layer=24 kind=recurrent family=normalization stage=0 batch=B4 kernel=batched4_gemv recorded=1 gpu_ms=0.004
  layer=24 kind=recurrent family=qkv_projection stage=1 batch=B4 kernel=batched4_gemv recorded=1 gpu_ms=0.00416
  layer=24 kind=recurrent family=gate_projection stage=2 batch=B4 kernel=batched4_gemv recorded=1 gpu_ms=0.004
  layer=24 kind=recurrent family=recurrent_parameter_projection stage=3 batch=B4 kernel=batched4_gemv recorded=1 gpu_ms=0.0216
  layer=24 kind=recurrent family=conv_and_head_norm stage=4 batch=B4 kernel=batched4_gemv recorded=1 gpu_ms=0.01616
  layer=24 kind=recurrent family=gdn_scan stage=5 batch=B4 kernel=batched4_gemv recorded=1 gpu_ms=0.00896
  layer=24 kind=recurrent family=recurrent_gate stage=6 batch=B4 kernel=batched4_gemv recorded=0 gpu_ms=0
  layer=24 kind=recurrent family=ssm_output_projection stage=7 batch=B4 kernel=batched4_gemv recorded=0 gpu_ms=0
  layer=24 kind=recurrent family=residual_post_norm stage=8 batch=B4 kernel=batched4_gemv recorded=0 gpu_ms=0
  layer=24 kind=recurrent family=post_normalization stage=9 batch=B4 kernel=batched4_gemv recorded=0 gpu_ms=0
  layer=24 kind=recurrent family=ffn_gate_up_projection stage=10 batch=B4 kernel=batched4_gemv recorded=0 gpu_ms=0
  layer=24 kind=recurrent family=swiglu stage=11 batch=B4 kernel=batched4_gemv recorded=0 gpu_ms=0
  layer=24 kind=recurrent family=ffn_down_projection stage=12 batch=B4 kernel=batched4_gemv recorded=0 gpu_ms=0
  layer=24 kind=recurrent family=residual stage=13 batch=B4 kernel=batched4_gemv recorded=0 gpu_ms=0
  layer=24 kind=recurrent family=deferred_prefill_tail batch=B4 kernel=batched4_gemv gpu_ms=16.0269 total_ms=16.0858
  layer=24 kind=recurrent family=prefill_batch_prepare batch=B64 kernel=B4_gemv recorded=1 gpu_ms=3.92497
  layer=25 kind=recurrent family=normalization stage=0 batch=B4 kernel=batched4_gemv recorded=1 gpu_ms=0.004
  layer=25 kind=recurrent family=qkv_projection stage=1 batch=B4 kernel=batched4_gemv recorded=1 gpu_ms=0.004
  layer=25 kind=recurrent family=gate_projection stage=2 batch=B4 kernel=batched4_gemv recorded=1 gpu_ms=0.00416
  layer=25 kind=recurrent family=recurrent_parameter_projection stage=3 batch=B4 kernel=batched4_gemv recorded=1 gpu_ms=0.02176
  layer=25 kind=recurrent family=conv_and_head_norm stage=4 batch=B4 kernel=batched4_gemv recorded=1 gpu_ms=0.01632
  layer=25 kind=recurrent family=gdn_scan stage=5 batch=B4 kernel=batched4_gemv recorded=1 gpu_ms=0.00912
  layer=25 kind=recurrent family=recurrent_gate stage=6 batch=B4 kernel=batched4_gemv recorded=0 gpu_ms=0
  layer=25 kind=recurrent family=ssm_output_projection stage=7 batch=B4 kernel=batched4_gemv recorded=0 gpu_ms=0
  layer=25 kind=recurrent family=residual_post_norm stage=8 batch=B4 kernel=batched4_gemv recorded=0 gpu_ms=0
  layer=25 kind=recurrent family=post_normalization stage=9 batch=B4 kernel=batched4_gemv recorded=0 gpu_ms=0
  layer=25 kind=recurrent family=ffn_gate_up_projection stage=10 batch=B4 kernel=batched4_gemv recorded=0 gpu_ms=0
  layer=25 kind=recurrent family=swiglu stage=11 batch=B4 kernel=batched4_gemv recorded=0 gpu_ms=0
  layer=25 kind=recurrent family=ffn_down_projection stage=12 batch=B4 kernel=batched4_gemv recorded=0 gpu_ms=0
  layer=25 kind=recurrent family=residual stage=13 batch=B4 kernel=batched4_gemv recorded=0 gpu_ms=0
  layer=25 kind=recurrent family=deferred_prefill_tail batch=B4 kernel=batched4_gemv gpu_ms=15.2225 total_ms=15.2818
  layer=25 kind=recurrent family=prefill_batch_prepare batch=B64 kernel=B4_gemv recorded=1 gpu_ms=3.94241
  layer=26 kind=recurrent family=normalization stage=0 batch=B4 kernel=batched4_gemv recorded=1 gpu_ms=0.004
  layer=26 kind=recurrent family=qkv_projection stage=1 batch=B4 kernel=batched4_gemv recorded=1 gpu_ms=0.004
  layer=26 kind=recurrent family=gate_projection stage=2 batch=B4 kernel=batched4_gemv recorded=1 gpu_ms=0.004
  layer=26 kind=recurrent family=recurrent_parameter_projection stage=3 batch=B4 kernel=batched4_gemv recorded=1 gpu_ms=0.0216
  layer=26 kind=recurrent family=conv_and_head_norm stage=4 batch=B4 kernel=batched4_gemv recorded=1 gpu_ms=0.01664
  layer=26 kind=recurrent family=gdn_scan stage=5 batch=B4 kernel=batched4_gemv recorded=1 gpu_ms=0.008961
  layer=26 kind=recurrent family=recurrent_gate stage=6 batch=B4 kernel=batched4_gemv recorded=0 gpu_ms=0
  layer=26 kind=recurrent family=ssm_output_projection stage=7 batch=B4 kernel=batched4_gemv recorded=0 gpu_ms=0
  layer=26 kind=recurrent family=residual_post_norm stage=8 batch=B4 kernel=batched4_gemv recorded=0 gpu_ms=0
  layer=26 kind=recurrent family=post_normalization stage=9 batch=B4 kernel=batched4_gemv recorded=0 gpu_ms=0
  layer=26 kind=recurrent family=ffn_gate_up_projection stage=10 batch=B4 kernel=batched4_gemv recorded=0 gpu_ms=0
  layer=26 kind=recurrent family=swiglu stage=11 batch=B4 kernel=batched4_gemv recorded=0 gpu_ms=0
  layer=26 kind=recurrent family=ffn_down_projection stage=12 batch=B4 kernel=batched4_gemv recorded=0 gpu_ms=0
  layer=26 kind=recurrent family=residual stage=13 batch=B4 kernel=batched4_gemv recorded=0 gpu_ms=0
  layer=26 kind=recurrent family=deferred_prefill_tail batch=B4 kernel=batched4_gemv gpu_ms=15.9945 total_ms=16.0537
  layer=26 kind=recurrent family=prefill_batch_prepare batch=B64 kernel=B4_gemv recorded=1 gpu_ms=3.90913
  layer=27 kind=attention family=normalization stage=0 batch=B4 kernel=batched4_gemv recorded=1 gpu_ms=0.00416
  layer=27 kind=attention family=q_projection stage=1 batch=B4 kernel=batched4_gemv recorded=1 gpu_ms=0.00416
  layer=27 kind=attention family=query_norm_rope stage=2 batch=B4 kernel=batched4_gemv recorded=1 gpu_ms=0.012
  layer=27 kind=attention family=k_projection stage=3 batch=B4 kernel=batched4_gemv recorded=1 gpu_ms=0.00416
  layer=27 kind=attention family=v_projection stage=4 batch=B4 kernel=batched4_gemv recorded=1 gpu_ms=0.00416
  layer=27 kind=attention family=kv_store stage=5 batch=B4 kernel=batched4_gemv recorded=1 gpu_ms=0.00416
  layer=27 kind=attention family=attention stage=6 batch=B4 kernel=batched4_gemv recorded=1 gpu_ms=0.012
  layer=27 kind=attention family=attention_output_projection stage=7 batch=B4 kernel=batched4_gemv recorded=1 gpu_ms=0.17584
  layer=27 kind=attention family=residual_post_norm stage=8 batch=B4 kernel=batched4_gemv recorded=0 gpu_ms=0
  layer=27 kind=attention family=post_normalization stage=9 batch=B4 kernel=batched4_gemv recorded=0 gpu_ms=0
  layer=27 kind=attention family=ffn_gate_up_projection stage=10 batch=B4 kernel=batched4_gemv recorded=0 gpu_ms=0
  layer=27 kind=attention family=swiglu stage=11 batch=B4 kernel=batched4_gemv recorded=0 gpu_ms=0
  layer=27 kind=attention family=ffn_down_projection stage=12 batch=B4 kernel=batched4_gemv recorded=0 gpu_ms=0
  layer=27 kind=attention family=residual stage=13 batch=B4 kernel=batched4_gemv recorded=0 gpu_ms=0
  layer=27 kind=attention family=residual stage=14 batch=B4 kernel=batched4_gemv recorded=0 gpu_ms=0
  layer=27 kind=attention family=deferred_prefill_tail batch=B4 kernel=batched4_gemv gpu_ms=13.8018 total_ms=14.0225
  layer=27 kind=attention family=prefill_batch_prepare batch=B64 kernel=B4_gemv recorded=1 gpu_ms=3.54945
  layer=28 kind=recurrent family=normalization stage=0 batch=B4 kernel=batched4_gemv recorded=1 gpu_ms=0.004
  layer=28 kind=recurrent family=qkv_projection stage=1 batch=B4 kernel=batched4_gemv recorded=1 gpu_ms=0.004
  layer=28 kind=recurrent family=gate_projection stage=2 batch=B4 kernel=batched4_gemv recorded=1 gpu_ms=0.00416
  layer=28 kind=recurrent family=recurrent_parameter_projection stage=3 batch=B4 kernel=batched4_gemv recorded=1 gpu_ms=0.02192
  layer=28 kind=recurrent family=conv_and_head_norm stage=4 batch=B4 kernel=batched4_gemv recorded=1 gpu_ms=0.016
  layer=28 kind=recurrent family=gdn_scan stage=5 batch=B4 kernel=batched4_gemv recorded=1 gpu_ms=0.00896
  layer=28 kind=recurrent family=recurrent_gate stage=6 batch=B4 kernel=batched4_gemv recorded=0 gpu_ms=0
  layer=28 kind=recurrent family=ssm_output_projection stage=7 batch=B4 kernel=batched4_gemv recorded=0 gpu_ms=0
  layer=28 kind=recurrent family=residual_post_norm stage=8 batch=B4 kernel=batched4_gemv recorded=0 gpu_ms=0
  layer=28 kind=recurrent family=post_normalization stage=9 batch=B4 kernel=batched4_gemv recorded=0 gpu_ms=0
  layer=28 kind=recurrent family=ffn_gate_up_projection stage=10 batch=B4 kernel=batched4_gemv recorded=0 gpu_ms=0
  layer=28 kind=recurrent family=swiglu stage=11 batch=B4 kernel=batched4_gemv recorded=0 gpu_ms=0
  layer=28 kind=recurrent family=ffn_down_projection stage=12 batch=B4 kernel=batched4_gemv recorded=0 gpu_ms=0
  layer=28 kind=recurrent family=residual stage=13 batch=B4 kernel=batched4_gemv recorded=0 gpu_ms=0
  layer=28 kind=recurrent family=deferred_prefill_tail batch=B4 kernel=batched4_gemv gpu_ms=15.2025 total_ms=15.2615
  layer=28 kind=recurrent family=prefill_batch_prepare batch=B64 kernel=B4_gemv recorded=1 gpu_ms=3.93585
  layer=29 kind=recurrent family=normalization stage=0 batch=B4 kernel=batched4_gemv recorded=1 gpu_ms=0.004
  layer=29 kind=recurrent family=qkv_projection stage=1 batch=B4 kernel=batched4_gemv recorded=1 gpu_ms=0.00416
  layer=29 kind=recurrent family=gate_projection stage=2 batch=B4 kernel=batched4_gemv recorded=1 gpu_ms=0.00416
  layer=29 kind=recurrent family=recurrent_parameter_projection stage=3 batch=B4 kernel=batched4_gemv recorded=1 gpu_ms=0.0216
  layer=29 kind=recurrent family=conv_and_head_norm stage=4 batch=B4 kernel=batched4_gemv recorded=1 gpu_ms=0.01632
  layer=29 kind=recurrent family=gdn_scan stage=5 batch=B4 kernel=batched4_gemv recorded=1 gpu_ms=0.009121
  layer=29 kind=recurrent family=recurrent_gate stage=6 batch=B4 kernel=batched4_gemv recorded=0 gpu_ms=0
  layer=29 kind=recurrent family=ssm_output_projection stage=7 batch=B4 kernel=batched4_gemv recorded=0 gpu_ms=0
  layer=29 kind=recurrent family=residual_post_norm stage=8 batch=B4 kernel=batched4_gemv recorded=0 gpu_ms=0
  layer=29 kind=recurrent family=post_normalization stage=9 batch=B4 kernel=batched4_gemv recorded=0 gpu_ms=0
  layer=29 kind=recurrent family=ffn_gate_up_projection stage=10 batch=B4 kernel=batched4_gemv recorded=0 gpu_ms=0
  layer=29 kind=recurrent family=swiglu stage=11 batch=B4 kernel=batched4_gemv recorded=0 gpu_ms=0
  layer=29 kind=recurrent family=ffn_down_projection stage=12 batch=B4 kernel=batched4_gemv recorded=0 gpu_ms=0
  layer=29 kind=recurrent family=residual stage=13 batch=B4 kernel=batched4_gemv recorded=0 gpu_ms=0
  layer=29 kind=recurrent family=deferred_prefill_tail batch=B4 kernel=batched4_gemv gpu_ms=15.9954 total_ms=16.0548
  layer=29 kind=recurrent family=prefill_batch_prepare batch=B64 kernel=B4_gemv recorded=1 gpu_ms=3.92161
  layer=30 kind=recurrent family=normalization stage=0 batch=B4 kernel=batched4_gemv recorded=1 gpu_ms=0.00416
  layer=30 kind=recurrent family=qkv_projection stage=1 batch=B4 kernel=batched4_gemv recorded=1 gpu_ms=0.004
  layer=30 kind=recurrent family=gate_projection stage=2 batch=B4 kernel=batched4_gemv recorded=1 gpu_ms=0.00416
  layer=30 kind=recurrent family=recurrent_parameter_projection stage=3 batch=B4 kernel=batched4_gemv recorded=1 gpu_ms=0.02176
  layer=30 kind=recurrent family=conv_and_head_norm stage=4 batch=B4 kernel=batched4_gemv recorded=1 gpu_ms=0.01616
  layer=30 kind=recurrent family=gdn_scan stage=5 batch=B4 kernel=batched4_gemv recorded=1 gpu_ms=0.0088
  layer=30 kind=recurrent family=recurrent_gate stage=6 batch=B4 kernel=batched4_gemv recorded=0 gpu_ms=0
  layer=30 kind=recurrent family=ssm_output_projection stage=7 batch=B4 kernel=batched4_gemv recorded=0 gpu_ms=0
  layer=30 kind=recurrent family=residual_post_norm stage=8 batch=B4 kernel=batched4_gemv recorded=0 gpu_ms=0
  layer=30 kind=recurrent family=post_normalization stage=9 batch=B4 kernel=batched4_gemv recorded=0 gpu_ms=0
  layer=30 kind=recurrent family=ffn_gate_up_projection stage=10 batch=B4 kernel=batched4_gemv recorded=0 gpu_ms=0
  layer=30 kind=recurrent family=swiglu stage=11 batch=B4 kernel=batched4_gemv recorded=0 gpu_ms=0
  layer=30 kind=recurrent family=ffn_down_projection stage=12 batch=B4 kernel=batched4_gemv recorded=0 gpu_ms=0
  layer=30 kind=recurrent family=residual stage=13 batch=B4 kernel=batched4_gemv recorded=0 gpu_ms=0
  layer=30 kind=recurrent family=deferred_prefill_tail batch=B4 kernel=batched4_gemv gpu_ms=16.0087 total_ms=16.0677
  layer=30 kind=recurrent family=prefill_batch_prepare batch=B64 kernel=B4_gemv recorded=1 gpu_ms=3.92209
  layer=31 kind=attention family=normalization stage=0 batch=B4 kernel=batched4_gemv recorded=1 gpu_ms=0.004
  layer=31 kind=attention family=q_projection stage=1 batch=B4 kernel=batched4_gemv recorded=1 gpu_ms=0.00416
  layer=31 kind=attention family=query_norm_rope stage=2 batch=B4 kernel=batched4_gemv recorded=1 gpu_ms=0.012
  layer=31 kind=attention family=k_projection stage=3 batch=B4 kernel=batched4_gemv recorded=1 gpu_ms=0.00432
  layer=31 kind=attention family=v_projection stage=4 batch=B4 kernel=batched4_gemv recorded=1 gpu_ms=0.00416
  layer=31 kind=attention family=kv_store stage=5 batch=B4 kernel=batched4_gemv recorded=1 gpu_ms=0.00416
  layer=31 kind=attention family=attention stage=6 batch=B4 kernel=batched4_gemv recorded=1 gpu_ms=0.01216
  layer=31 kind=attention family=attention_output_projection stage=7 batch=B4 kernel=batched4_gemv recorded=1 gpu_ms=0.172641
  layer=31 kind=attention family=residual_post_norm stage=8 batch=B4 kernel=batched4_gemv recorded=0 gpu_ms=0
  layer=31 kind=attention family=post_normalization stage=9 batch=B4 kernel=batched4_gemv recorded=0 gpu_ms=0
  layer=31 kind=attention family=ffn_gate_up_projection stage=10 batch=B4 kernel=batched4_gemv recorded=0 gpu_ms=0
  layer=31 kind=attention family=swiglu stage=11 batch=B4 kernel=batched4_gemv recorded=0 gpu_ms=0
  layer=31 kind=attention family=ffn_down_projection stage=12 batch=B4 kernel=batched4_gemv recorded=0 gpu_ms=0
  layer=31 kind=attention family=residual stage=13 batch=B4 kernel=batched4_gemv recorded=0 gpu_ms=0
  layer=31 kind=attention family=residual stage=14 batch=B4 kernel=batched4_gemv recorded=0 gpu_ms=0
  layer=31 kind=attention family=deferred_prefill_tail batch=B4 kernel=batched4_gemv gpu_ms=13.0303 total_ms=13.2479
  layer=31 kind=attention family=prefill_batch_prepare batch=B64 kernel=B4_gemv recorded=1 gpu_ms=3.55265
  layer=32 kind=recurrent family=normalization stage=0 batch=B4 kernel=batched4_gemv recorded=1 gpu_ms=0.00416
  layer=32 kind=recurrent family=qkv_projection stage=1 batch=B4 kernel=batched4_gemv recorded=1 gpu_ms=0.00416
  layer=32 kind=recurrent family=gate_projection stage=2 batch=B4 kernel=batched4_gemv recorded=1 gpu_ms=0.004
  layer=32 kind=recurrent family=recurrent_parameter_projection stage=3 batch=B4 kernel=batched4_gemv recorded=1 gpu_ms=0.02176
  layer=32 kind=recurrent family=conv_and_head_norm stage=4 batch=B4 kernel=batched4_gemv recorded=1 gpu_ms=0.01616
  layer=32 kind=recurrent family=gdn_scan stage=5 batch=B4 kernel=batched4_gemv recorded=1 gpu_ms=0.00896
  layer=32 kind=recurrent family=recurrent_gate stage=6 batch=B4 kernel=batched4_gemv recorded=0 gpu_ms=0
  layer=32 kind=recurrent family=ssm_output_projection stage=7 batch=B4 kernel=batched4_gemv recorded=0 gpu_ms=0
  layer=32 kind=recurrent family=residual_post_norm stage=8 batch=B4 kernel=batched4_gemv recorded=0 gpu_ms=0
  layer=32 kind=recurrent family=post_normalization stage=9 batch=B4 kernel=batched4_gemv recorded=0 gpu_ms=0
  layer=32 kind=recurrent family=ffn_gate_up_projection stage=10 batch=B4 kernel=batched4_gemv recorded=0 gpu_ms=0
  layer=32 kind=recurrent family=swiglu stage=11 batch=B4 kernel=batched4_gemv recorded=0 gpu_ms=0
  layer=32 kind=recurrent family=ffn_down_projection stage=12 batch=B4 kernel=batched4_gemv recorded=0 gpu_ms=0
  layer=32 kind=recurrent family=residual stage=13 batch=B4 kernel=batched4_gemv recorded=0 gpu_ms=0
  layer=32 kind=recurrent family=deferred_prefill_tail batch=B4 kernel=batched4_gemv gpu_ms=15.9879 total_ms=16.0471
  layer=32 kind=recurrent family=prefill_batch_prepare batch=B64 kernel=B4_gemv recorded=1 gpu_ms=3.91121
  layer=33 kind=recurrent family=normalization stage=0 batch=B4 kernel=batched4_gemv recorded=1 gpu_ms=0.004
  layer=33 kind=recurrent family=qkv_projection stage=1 batch=B4 kernel=batched4_gemv recorded=1 gpu_ms=0.00416
  layer=33 kind=recurrent family=gate_projection stage=2 batch=B4 kernel=batched4_gemv recorded=1 gpu_ms=0.00416
  layer=33 kind=recurrent family=recurrent_parameter_projection stage=3 batch=B4 kernel=batched4_gemv recorded=1 gpu_ms=0.02144
  layer=33 kind=recurrent family=conv_and_head_norm stage=4 batch=B4 kernel=batched4_gemv recorded=1 gpu_ms=0.01648
  layer=33 kind=recurrent family=gdn_scan stage=5 batch=B4 kernel=batched4_gemv recorded=1 gpu_ms=0.0088
  layer=33 kind=recurrent family=recurrent_gate stage=6 batch=B4 kernel=batched4_gemv recorded=0 gpu_ms=0
  layer=33 kind=recurrent family=ssm_output_projection stage=7 batch=B4 kernel=batched4_gemv recorded=0 gpu_ms=0
  layer=33 kind=recurrent family=residual_post_norm stage=8 batch=B4 kernel=batched4_gemv recorded=0 gpu_ms=0
  layer=33 kind=recurrent family=post_normalization stage=9 batch=B4 kernel=batched4_gemv recorded=0 gpu_ms=0
  layer=33 kind=recurrent family=ffn_gate_up_projection stage=10 batch=B4 kernel=batched4_gemv recorded=0 gpu_ms=0
  layer=33 kind=recurrent family=swiglu stage=11 batch=B4 kernel=batched4_gemv recorded=0 gpu_ms=0
  layer=33 kind=recurrent family=ffn_down_projection stage=12 batch=B4 kernel=batched4_gemv recorded=0 gpu_ms=0
  layer=33 kind=recurrent family=residual stage=13 batch=B4 kernel=batched4_gemv recorded=0 gpu_ms=0
  layer=33 kind=recurrent family=deferred_prefill_tail batch=B4 kernel=batched4_gemv gpu_ms=16.0047 total_ms=16.0637
  layer=33 kind=recurrent family=prefill_batch_prepare batch=B64 kernel=B4_gemv recorded=1 gpu_ms=3.91537
  layer=34 kind=recurrent family=normalization stage=0 batch=B4 kernel=batched4_gemv recorded=1 gpu_ms=0.00416
  layer=34 kind=recurrent family=qkv_projection stage=1 batch=B4 kernel=batched4_gemv recorded=1 gpu_ms=0.004
  layer=34 kind=recurrent family=gate_projection stage=2 batch=B4 kernel=batched4_gemv recorded=1 gpu_ms=0.00416
  layer=34 kind=recurrent family=recurrent_parameter_projection stage=3 batch=B4 kernel=batched4_gemv recorded=1 gpu_ms=0.0216
  layer=34 kind=recurrent family=conv_and_head_norm stage=4 batch=B4 kernel=batched4_gemv recorded=1 gpu_ms=0.0168
  layer=34 kind=recurrent family=gdn_scan stage=5 batch=B4 kernel=batched4_gemv recorded=1 gpu_ms=0.00896
  layer=34 kind=recurrent family=recurrent_gate stage=6 batch=B4 kernel=batched4_gemv recorded=0 gpu_ms=0
  layer=34 kind=recurrent family=ssm_output_projection stage=7 batch=B4 kernel=batched4_gemv recorded=0 gpu_ms=0
  layer=34 kind=recurrent family=residual_post_norm stage=8 batch=B4 kernel=batched4_gemv recorded=0 gpu_ms=0
  layer=34 kind=recurrent family=post_normalization stage=9 batch=B4 kernel=batched4_gemv recorded=0 gpu_ms=0
  layer=34 kind=recurrent family=ffn_gate_up_projection stage=10 batch=B4 kernel=batched4_gemv recorded=0 gpu_ms=0
  layer=34 kind=recurrent family=swiglu stage=11 batch=B4 kernel=batched4_gemv recorded=0 gpu_ms=0
  layer=34 kind=recurrent family=ffn_down_projection stage=12 batch=B4 kernel=batched4_gemv recorded=0 gpu_ms=0
  layer=34 kind=recurrent family=residual stage=13 batch=B4 kernel=batched4_gemv recorded=0 gpu_ms=0
  layer=34 kind=recurrent family=deferred_prefill_tail batch=B4 kernel=batched4_gemv gpu_ms=15.2217 total_ms=15.2813
  layer=34 kind=recurrent family=prefill_batch_prepare batch=B64 kernel=B4_gemv recorded=1 gpu_ms=3.93169
  layer=35 kind=attention family=normalization stage=0 batch=B4 kernel=batched4_gemv recorded=1 gpu_ms=0.004
  layer=35 kind=attention family=q_projection stage=1 batch=B4 kernel=batched4_gemv recorded=1 gpu_ms=0.00416
  layer=35 kind=attention family=query_norm_rope stage=2 batch=B4 kernel=batched4_gemv recorded=1 gpu_ms=0.01216
  layer=35 kind=attention family=k_projection stage=3 batch=B4 kernel=batched4_gemv recorded=1 gpu_ms=0.00416
  layer=35 kind=attention family=v_projection stage=4 batch=B4 kernel=batched4_gemv recorded=1 gpu_ms=0.00416
  layer=35 kind=attention family=kv_store stage=5 batch=B4 kernel=batched4_gemv recorded=1 gpu_ms=0.00416
  layer=35 kind=attention family=attention stage=6 batch=B4 kernel=batched4_gemv recorded=1 gpu_ms=0.012
  layer=35 kind=attention family=attention_output_projection stage=7 batch=B4 kernel=batched4_gemv recorded=1 gpu_ms=0.169281
  layer=35 kind=attention family=residual_post_norm stage=8 batch=B4 kernel=batched4_gemv recorded=0 gpu_ms=0
  layer=35 kind=attention family=post_normalization stage=9 batch=B4 kernel=batched4_gemv recorded=0 gpu_ms=0
  layer=35 kind=attention family=ffn_gate_up_projection stage=10 batch=B4 kernel=batched4_gemv recorded=0 gpu_ms=0
  layer=35 kind=attention family=swiglu stage=11 batch=B4 kernel=batched4_gemv recorded=0 gpu_ms=0
  layer=35 kind=attention family=ffn_down_projection stage=12 batch=B4 kernel=batched4_gemv recorded=0 gpu_ms=0
  layer=35 kind=attention family=residual stage=13 batch=B4 kernel=batched4_gemv recorded=0 gpu_ms=0
  layer=35 kind=attention family=residual stage=14 batch=B4 kernel=batched4_gemv recorded=0 gpu_ms=0
  layer=35 kind=attention family=deferred_prefill_tail batch=B4 kernel=batched4_gemv gpu_ms=13.8037 total_ms=14.0178
  layer=35 kind=attention family=prefill_batch_prepare batch=B64 kernel=B4_gemv recorded=1 gpu_ms=3.53985
  layer=36 kind=recurrent family=normalization stage=0 batch=B4 kernel=batched4_gemv recorded=1 gpu_ms=0.00416
  layer=36 kind=recurrent family=qkv_projection stage=1 batch=B4 kernel=batched4_gemv recorded=1 gpu_ms=0.004
  layer=36 kind=recurrent family=gate_projection stage=2 batch=B4 kernel=batched4_gemv recorded=1 gpu_ms=0.004
  layer=36 kind=recurrent family=recurrent_parameter_projection stage=3 batch=B4 kernel=batched4_gemv recorded=1 gpu_ms=0.0216
  layer=36 kind=recurrent family=conv_and_head_norm stage=4 batch=B4 kernel=batched4_gemv recorded=1 gpu_ms=0.0216
  layer=36 kind=recurrent family=gdn_scan stage=5 batch=B4 kernel=batched4_gemv recorded=1 gpu_ms=0.00896
  layer=36 kind=recurrent family=recurrent_gate stage=6 batch=B4 kernel=batched4_gemv recorded=0 gpu_ms=0
  layer=36 kind=recurrent family=ssm_output_projection stage=7 batch=B4 kernel=batched4_gemv recorded=0 gpu_ms=0
  layer=36 kind=recurrent family=residual_post_norm stage=8 batch=B4 kernel=batched4_gemv recorded=0 gpu_ms=0
  layer=36 kind=recurrent family=post_normalization stage=9 batch=B4 kernel=batched4_gemv recorded=0 gpu_ms=0
  layer=36 kind=recurrent family=ffn_gate_up_projection stage=10 batch=B4 kernel=batched4_gemv recorded=0 gpu_ms=0
  layer=36 kind=recurrent family=swiglu stage=11 batch=B4 kernel=batched4_gemv recorded=0 gpu_ms=0
  layer=36 kind=recurrent family=ffn_down_projection stage=12 batch=B4 kernel=batched4_gemv recorded=0 gpu_ms=0
  layer=36 kind=recurrent family=residual stage=13 batch=B4 kernel=batched4_gemv recorded=0 gpu_ms=0
  layer=36 kind=recurrent family=deferred_prefill_tail batch=B4 kernel=batched4_gemv gpu_ms=16.018 total_ms=16.0823
  layer=36 kind=recurrent family=prefill_batch_prepare batch=B64 kernel=B4_gemv recorded=1 gpu_ms=3.92817
  layer=37 kind=recurrent family=normalization stage=0 batch=B4 kernel=batched4_gemv recorded=1 gpu_ms=0.004
  layer=37 kind=recurrent family=qkv_projection stage=1 batch=B4 kernel=batched4_gemv recorded=1 gpu_ms=0.004
  layer=37 kind=recurrent family=gate_projection stage=2 batch=B4 kernel=batched4_gemv recorded=1 gpu_ms=0.004001
  layer=37 kind=recurrent family=recurrent_parameter_projection stage=3 batch=B4 kernel=batched4_gemv recorded=1 gpu_ms=0.0216
  layer=37 kind=recurrent family=conv_and_head_norm stage=4 batch=B4 kernel=batched4_gemv recorded=1 gpu_ms=0.01648
  layer=37 kind=recurrent family=gdn_scan stage=5 batch=B4 kernel=batched4_gemv recorded=1 gpu_ms=0.0088
  layer=37 kind=recurrent family=recurrent_gate stage=6 batch=B4 kernel=batched4_gemv recorded=0 gpu_ms=0
  layer=37 kind=recurrent family=ssm_output_projection stage=7 batch=B4 kernel=batched4_gemv recorded=0 gpu_ms=0
  layer=37 kind=recurrent family=residual_post_norm stage=8 batch=B4 kernel=batched4_gemv recorded=0 gpu_ms=0
  layer=37 kind=recurrent family=post_normalization stage=9 batch=B4 kernel=batched4_gemv recorded=0 gpu_ms=0
  layer=37 kind=recurrent family=ffn_gate_up_projection stage=10 batch=B4 kernel=batched4_gemv recorded=0 gpu_ms=0
  layer=37 kind=recurrent family=swiglu stage=11 batch=B4 kernel=batched4_gemv recorded=0 gpu_ms=0
  layer=37 kind=recurrent family=ffn_down_projection stage=12 batch=B4 kernel=batched4_gemv recorded=0 gpu_ms=0
  layer=37 kind=recurrent family=residual stage=13 batch=B4 kernel=batched4_gemv recorded=0 gpu_ms=0
  layer=37 kind=recurrent family=deferred_prefill_tail batch=B4 kernel=batched4_gemv gpu_ms=15.2322 total_ms=15.2911
  layer=37 kind=recurrent family=prefill_batch_prepare batch=B64 kernel=B4_gemv recorded=1 gpu_ms=3.93729
  layer=38 kind=recurrent family=normalization stage=0 batch=B4 kernel=batched4_gemv recorded=1 gpu_ms=0.00416
  layer=38 kind=recurrent family=qkv_projection stage=1 batch=B4 kernel=batched4_gemv recorded=1 gpu_ms=0.00416
  layer=38 kind=recurrent family=gate_projection stage=2 batch=B4 kernel=batched4_gemv recorded=1 gpu_ms=0.004
  layer=38 kind=recurrent family=recurrent_parameter_projection stage=3 batch=B4 kernel=batched4_gemv recorded=1 gpu_ms=0.0216
  layer=38 kind=recurrent family=conv_and_head_norm stage=4 batch=B4 kernel=batched4_gemv recorded=1 gpu_ms=0.01632
  layer=38 kind=recurrent family=gdn_scan stage=5 batch=B4 kernel=batched4_gemv recorded=1 gpu_ms=0.00864
  layer=38 kind=recurrent family=recurrent_gate stage=6 batch=B4 kernel=batched4_gemv recorded=0 gpu_ms=0
  layer=38 kind=recurrent family=ssm_output_projection stage=7 batch=B4 kernel=batched4_gemv recorded=0 gpu_ms=0
  layer=38 kind=recurrent family=residual_post_norm stage=8 batch=B4 kernel=batched4_gemv recorded=0 gpu_ms=0
  layer=38 kind=recurrent family=post_normalization stage=9 batch=B4 kernel=batched4_gemv recorded=0 gpu_ms=0
  layer=38 kind=recurrent family=ffn_gate_up_projection stage=10 batch=B4 kernel=batched4_gemv recorded=0 gpu_ms=0
  layer=38 kind=recurrent family=swiglu stage=11 batch=B4 kernel=batched4_gemv recorded=0 gpu_ms=0
  layer=38 kind=recurrent family=ffn_down_projection stage=12 batch=B4 kernel=batched4_gemv recorded=0 gpu_ms=0
  layer=38 kind=recurrent family=residual stage=13 batch=B4 kernel=batched4_gemv recorded=0 gpu_ms=0
  layer=38 kind=recurrent family=deferred_prefill_tail batch=B4 kernel=batched4_gemv gpu_ms=16.017 total_ms=16.0759
  layer=38 kind=recurrent family=prefill_batch_prepare batch=B64 kernel=B4_gemv recorded=1 gpu_ms=3.91953
  layer=39 kind=attention family=normalization stage=0 batch=B4 kernel=batched4_gemv recorded=1 gpu_ms=0.00416
  layer=39 kind=attention family=q_projection stage=1 batch=B4 kernel=batched4_gemv recorded=1 gpu_ms=0.00416
  layer=39 kind=attention family=query_norm_rope stage=2 batch=B4 kernel=batched4_gemv recorded=1 gpu_ms=0.01232
  layer=39 kind=attention family=k_projection stage=3 batch=B4 kernel=batched4_gemv recorded=1 gpu_ms=0.00416
  layer=39 kind=attention family=v_projection stage=4 batch=B4 kernel=batched4_gemv recorded=1 gpu_ms=0.004
  layer=39 kind=attention family=kv_store stage=5 batch=B4 kernel=batched4_gemv recorded=1 gpu_ms=0.00416
  layer=39 kind=attention family=attention stage=6 batch=B4 kernel=batched4_gemv recorded=1 gpu_ms=0.01216
  layer=39 kind=attention family=attention_output_projection stage=7 batch=B4 kernel=batched4_gemv recorded=1 gpu_ms=0.17008
  layer=39 kind=attention family=residual_post_norm stage=8 batch=B4 kernel=batched4_gemv recorded=0 gpu_ms=0
  layer=39 kind=attention family=post_normalization stage=9 batch=B4 kernel=batched4_gemv recorded=0 gpu_ms=0
  layer=39 kind=attention family=ffn_gate_up_projection stage=10 batch=B4 kernel=batched4_gemv recorded=0 gpu_ms=0
  layer=39 kind=attention family=swiglu stage=11 batch=B4 kernel=batched4_gemv recorded=0 gpu_ms=0
  layer=39 kind=attention family=ffn_down_projection stage=12 batch=B4 kernel=batched4_gemv recorded=0 gpu_ms=0
  layer=39 kind=attention family=residual stage=13 batch=B4 kernel=batched4_gemv recorded=0 gpu_ms=0
  layer=39 kind=attention family=residual stage=14 batch=B4 kernel=batched4_gemv recorded=0 gpu_ms=0
  layer=39 kind=attention family=deferred_prefill_tail batch=B4 kernel=batched4_gemv gpu_ms=13.8399 total_ms=14.0551
  layer=39 kind=attention family=prefill_batch_prepare batch=B64 kernel=B4_gemv recorded=1 gpu_ms=3.54161
  layer=40 kind=recurrent family=normalization stage=0 batch=B4 kernel=batched4_gemv recorded=1 gpu_ms=0.004
  layer=40 kind=recurrent family=qkv_projection stage=1 batch=B4 kernel=batched4_gemv recorded=1 gpu_ms=0.004
  layer=40 kind=recurrent family=gate_projection stage=2 batch=B4 kernel=batched4_gemv recorded=1 gpu_ms=0.004
  layer=40 kind=recurrent family=recurrent_parameter_projection stage=3 batch=B4 kernel=batched4_gemv recorded=1 gpu_ms=0.02176
  layer=40 kind=recurrent family=conv_and_head_norm stage=4 batch=B4 kernel=batched4_gemv recorded=1 gpu_ms=0.01648
  layer=40 kind=recurrent family=gdn_scan stage=5 batch=B4 kernel=batched4_gemv recorded=1 gpu_ms=0.0088
  layer=40 kind=recurrent family=recurrent_gate stage=6 batch=B4 kernel=batched4_gemv recorded=0 gpu_ms=0
  layer=40 kind=recurrent family=ssm_output_projection stage=7 batch=B4 kernel=batched4_gemv recorded=0 gpu_ms=0
  layer=40 kind=recurrent family=residual_post_norm stage=8 batch=B4 kernel=batched4_gemv recorded=0 gpu_ms=0
  layer=40 kind=recurrent family=post_normalization stage=9 batch=B4 kernel=batched4_gemv recorded=0 gpu_ms=0
  layer=40 kind=recurrent family=ffn_gate_up_projection stage=10 batch=B4 kernel=batched4_gemv recorded=0 gpu_ms=0
  layer=40 kind=recurrent family=swiglu stage=11 batch=B4 kernel=batched4_gemv recorded=0 gpu_ms=0
  layer=40 kind=recurrent family=ffn_down_projection stage=12 batch=B4 kernel=batched4_gemv recorded=0 gpu_ms=0
  layer=40 kind=recurrent family=residual stage=13 batch=B4 kernel=batched4_gemv recorded=0 gpu_ms=0
  layer=40 kind=recurrent family=deferred_prefill_tail batch=B4 kernel=batched4_gemv gpu_ms=15.2132 total_ms=15.2722
  layer=40 kind=recurrent family=prefill_batch_prepare batch=B64 kernel=B4_gemv recorded=1 gpu_ms=3.94849
  layer=41 kind=recurrent family=normalization stage=0 batch=B4 kernel=batched4_gemv recorded=1 gpu_ms=0.004
  layer=41 kind=recurrent family=qkv_projection stage=1 batch=B4 kernel=batched4_gemv recorded=1 gpu_ms=0.004
  layer=41 kind=recurrent family=gate_projection stage=2 batch=B4 kernel=batched4_gemv recorded=1 gpu_ms=0.004
  layer=41 kind=recurrent family=recurrent_parameter_projection stage=3 batch=B4 kernel=batched4_gemv recorded=1 gpu_ms=0.02192
  layer=41 kind=recurrent family=conv_and_head_norm stage=4 batch=B4 kernel=batched4_gemv recorded=1 gpu_ms=0.016321
  layer=41 kind=recurrent family=gdn_scan stage=5 batch=B4 kernel=batched4_gemv recorded=1 gpu_ms=0.0088
  layer=41 kind=recurrent family=recurrent_gate stage=6 batch=B4 kernel=batched4_gemv recorded=0 gpu_ms=0
  layer=41 kind=recurrent family=ssm_output_projection stage=7 batch=B4 kernel=batched4_gemv recorded=0 gpu_ms=0
  layer=41 kind=recurrent family=residual_post_norm stage=8 batch=B4 kernel=batched4_gemv recorded=0 gpu_ms=0
  layer=41 kind=recurrent family=post_normalization stage=9 batch=B4 kernel=batched4_gemv recorded=0 gpu_ms=0
  layer=41 kind=recurrent family=ffn_gate_up_projection stage=10 batch=B4 kernel=batched4_gemv recorded=0 gpu_ms=0
  layer=41 kind=recurrent family=swiglu stage=11 batch=B4 kernel=batched4_gemv recorded=0 gpu_ms=0
  layer=41 kind=recurrent family=ffn_down_projection stage=12 batch=B4 kernel=batched4_gemv recorded=0 gpu_ms=0
  layer=41 kind=recurrent family=residual stage=13 batch=B4 kernel=batched4_gemv recorded=0 gpu_ms=0
  layer=41 kind=recurrent family=deferred_prefill_tail batch=B4 kernel=batched4_gemv gpu_ms=15.9857 total_ms=16.0447
  layer=41 kind=recurrent family=prefill_batch_prepare batch=B64 kernel=B4_gemv recorded=1 gpu_ms=3.91873
  layer=42 kind=recurrent family=normalization stage=0 batch=B4 kernel=batched4_gemv recorded=1 gpu_ms=0.004
  layer=42 kind=recurrent family=qkv_projection stage=1 batch=B4 kernel=batched4_gemv recorded=1 gpu_ms=0.00416
  layer=42 kind=recurrent family=gate_projection stage=2 batch=B4 kernel=batched4_gemv recorded=1 gpu_ms=0.004
  layer=42 kind=recurrent family=recurrent_parameter_projection stage=3 batch=B4 kernel=batched4_gemv recorded=1 gpu_ms=0.02176
  layer=42 kind=recurrent family=conv_and_head_norm stage=4 batch=B4 kernel=batched4_gemv recorded=1 gpu_ms=0.01616
  layer=42 kind=recurrent family=gdn_scan stage=5 batch=B4 kernel=batched4_gemv recorded=1 gpu_ms=0.00896
  layer=42 kind=recurrent family=recurrent_gate stage=6 batch=B4 kernel=batched4_gemv recorded=0 gpu_ms=0
  layer=42 kind=recurrent family=ssm_output_projection stage=7 batch=B4 kernel=batched4_gemv recorded=0 gpu_ms=0
  layer=42 kind=recurrent family=residual_post_norm stage=8 batch=B4 kernel=batched4_gemv recorded=0 gpu_ms=0
  layer=42 kind=recurrent family=post_normalization stage=9 batch=B4 kernel=batched4_gemv recorded=0 gpu_ms=0
  layer=42 kind=recurrent family=ffn_gate_up_projection stage=10 batch=B4 kernel=batched4_gemv recorded=0 gpu_ms=0
  layer=42 kind=recurrent family=swiglu stage=11 batch=B4 kernel=batched4_gemv recorded=0 gpu_ms=0
  layer=42 kind=recurrent family=ffn_down_projection stage=12 batch=B4 kernel=batched4_gemv recorded=0 gpu_ms=0
  layer=42 kind=recurrent family=residual stage=13 batch=B4 kernel=batched4_gemv recorded=0 gpu_ms=0
  layer=42 kind=recurrent family=deferred_prefill_tail batch=B4 kernel=batched4_gemv gpu_ms=15.9818 total_ms=16.0409
  layer=42 kind=recurrent family=prefill_batch_prepare batch=B64 kernel=B4_gemv recorded=1 gpu_ms=3.91281
  layer=43 kind=attention family=normalization stage=0 batch=B4 kernel=batched4_gemv recorded=1 gpu_ms=0.00416
  layer=43 kind=attention family=q_projection stage=1 batch=B4 kernel=batched4_gemv recorded=1 gpu_ms=0.00416
  layer=43 kind=attention family=query_norm_rope stage=2 batch=B4 kernel=batched4_gemv recorded=1 gpu_ms=0.01232
  layer=43 kind=attention family=k_projection stage=3 batch=B4 kernel=batched4_gemv recorded=1 gpu_ms=0.00416
  layer=43 kind=attention family=v_projection stage=4 batch=B4 kernel=batched4_gemv recorded=1 gpu_ms=0.00416
  layer=43 kind=attention family=kv_store stage=5 batch=B4 kernel=batched4_gemv recorded=1 gpu_ms=0.00416
  layer=43 kind=attention family=attention stage=6 batch=B4 kernel=batched4_gemv recorded=1 gpu_ms=0.01216
  layer=43 kind=attention family=attention_output_projection stage=7 batch=B4 kernel=batched4_gemv recorded=1 gpu_ms=0.168801
  layer=43 kind=attention family=residual_post_norm stage=8 batch=B4 kernel=batched4_gemv recorded=0 gpu_ms=0
  layer=43 kind=attention family=post_normalization stage=9 batch=B4 kernel=batched4_gemv recorded=0 gpu_ms=0
  layer=43 kind=attention family=ffn_gate_up_projection stage=10 batch=B4 kernel=batched4_gemv recorded=0 gpu_ms=0
  layer=43 kind=attention family=swiglu stage=11 batch=B4 kernel=batched4_gemv recorded=0 gpu_ms=0
  layer=43 kind=attention family=ffn_down_projection stage=12 batch=B4 kernel=batched4_gemv recorded=0 gpu_ms=0
  layer=43 kind=attention family=residual stage=13 batch=B4 kernel=batched4_gemv recorded=0 gpu_ms=0
  layer=43 kind=attention family=residual stage=14 batch=B4 kernel=batched4_gemv recorded=0 gpu_ms=0
  layer=43 kind=attention family=deferred_prefill_tail batch=B4 kernel=batched4_gemv gpu_ms=13.0421 total_ms=13.2562
  layer=43 kind=attention family=prefill_batch_prepare batch=B64 kernel=B4_gemv recorded=1 gpu_ms=3.54161
  layer=44 kind=recurrent family=normalization stage=0 batch=B4 kernel=batched4_gemv recorded=1 gpu_ms=0.004
  layer=44 kind=recurrent family=qkv_projection stage=1 batch=B4 kernel=batched4_gemv recorded=1 gpu_ms=0.004
  layer=44 kind=recurrent family=gate_projection stage=2 batch=B4 kernel=batched4_gemv recorded=1 gpu_ms=0.00416
  layer=44 kind=recurrent family=recurrent_parameter_projection stage=3 batch=B4 kernel=batched4_gemv recorded=1 gpu_ms=0.021601
  layer=44 kind=recurrent family=conv_and_head_norm stage=4 batch=B4 kernel=batched4_gemv recorded=1 gpu_ms=0.01632
  layer=44 kind=recurrent family=gdn_scan stage=5 batch=B4 kernel=batched4_gemv recorded=1 gpu_ms=0.0088
  layer=44 kind=recurrent family=recurrent_gate stage=6 batch=B4 kernel=batched4_gemv recorded=0 gpu_ms=0
  layer=44 kind=recurrent family=ssm_output_projection stage=7 batch=B4 kernel=batched4_gemv recorded=0 gpu_ms=0
  layer=44 kind=recurrent family=residual_post_norm stage=8 batch=B4 kernel=batched4_gemv recorded=0 gpu_ms=0
  layer=44 kind=recurrent family=post_normalization stage=9 batch=B4 kernel=batched4_gemv recorded=0 gpu_ms=0
  layer=44 kind=recurrent family=ffn_gate_up_projection stage=10 batch=B4 kernel=batched4_gemv recorded=0 gpu_ms=0
  layer=44 kind=recurrent family=swiglu stage=11 batch=B4 kernel=batched4_gemv recorded=0 gpu_ms=0
  layer=44 kind=recurrent family=ffn_down_projection stage=12 batch=B4 kernel=batched4_gemv recorded=0 gpu_ms=0
  layer=44 kind=recurrent family=residual stage=13 batch=B4 kernel=batched4_gemv recorded=0 gpu_ms=0
  layer=44 kind=recurrent family=deferred_prefill_tail batch=B4 kernel=batched4_gemv gpu_ms=15.9978 total_ms=16.0567
  layer=44 kind=recurrent family=prefill_batch_prepare batch=B64 kernel=B4_gemv recorded=1 gpu_ms=3.92817
  layer=45 kind=recurrent family=normalization stage=0 batch=B4 kernel=batched4_gemv recorded=1 gpu_ms=0.00416
  layer=45 kind=recurrent family=qkv_projection stage=1 batch=B4 kernel=batched4_gemv recorded=1 gpu_ms=0.004
  layer=45 kind=recurrent family=gate_projection stage=2 batch=B4 kernel=batched4_gemv recorded=1 gpu_ms=0.004
  layer=45 kind=recurrent family=recurrent_parameter_projection stage=3 batch=B4 kernel=batched4_gemv recorded=1 gpu_ms=0.02176
  layer=45 kind=recurrent family=conv_and_head_norm stage=4 batch=B4 kernel=batched4_gemv recorded=1 gpu_ms=0.01632
  layer=45 kind=recurrent family=gdn_scan stage=5 batch=B4 kernel=batched4_gemv recorded=1 gpu_ms=0.00896
  layer=45 kind=recurrent family=recurrent_gate stage=6 batch=B4 kernel=batched4_gemv recorded=0 gpu_ms=0
  layer=45 kind=recurrent family=ssm_output_projection stage=7 batch=B4 kernel=batched4_gemv recorded=0 gpu_ms=0
  layer=45 kind=recurrent family=residual_post_norm stage=8 batch=B4 kernel=batched4_gemv recorded=0 gpu_ms=0
  layer=45 kind=recurrent family=post_normalization stage=9 batch=B4 kernel=batched4_gemv recorded=0 gpu_ms=0
  layer=45 kind=recurrent family=ffn_gate_up_projection stage=10 batch=B4 kernel=batched4_gemv recorded=0 gpu_ms=0
  layer=45 kind=recurrent family=swiglu stage=11 batch=B4 kernel=batched4_gemv recorded=0 gpu_ms=0
  layer=45 kind=recurrent family=ffn_down_projection stage=12 batch=B4 kernel=batched4_gemv recorded=0 gpu_ms=0
  layer=45 kind=recurrent family=residual stage=13 batch=B4 kernel=batched4_gemv recorded=0 gpu_ms=0
  layer=45 kind=recurrent family=deferred_prefill_tail batch=B4 kernel=batched4_gemv gpu_ms=15.9833 total_ms=16.0425
  layer=45 kind=recurrent family=prefill_batch_prepare batch=B64 kernel=B4_gemv recorded=1 gpu_ms=3.93489
  layer=46 kind=recurrent family=normalization stage=0 batch=B4 kernel=batched4_gemv recorded=1 gpu_ms=0.004
  layer=46 kind=recurrent family=qkv_projection stage=1 batch=B4 kernel=batched4_gemv recorded=1 gpu_ms=0.004
  layer=46 kind=recurrent family=gate_projection stage=2 batch=B4 kernel=batched4_gemv recorded=1 gpu_ms=0.00416
  layer=46 kind=recurrent family=recurrent_parameter_projection stage=3 batch=B4 kernel=batched4_gemv recorded=1 gpu_ms=0.02192
  layer=46 kind=recurrent family=conv_and_head_norm stage=4 batch=B4 kernel=batched4_gemv recorded=1 gpu_ms=0.01616
  layer=46 kind=recurrent family=gdn_scan stage=5 batch=B4 kernel=batched4_gemv recorded=1 gpu_ms=0.008801
  layer=46 kind=recurrent family=recurrent_gate stage=6 batch=B4 kernel=batched4_gemv recorded=0 gpu_ms=0
  layer=46 kind=recurrent family=ssm_output_projection stage=7 batch=B4 kernel=batched4_gemv recorded=0 gpu_ms=0
  layer=46 kind=recurrent family=residual_post_norm stage=8 batch=B4 kernel=batched4_gemv recorded=0 gpu_ms=0
  layer=46 kind=recurrent family=post_normalization stage=9 batch=B4 kernel=batched4_gemv recorded=0 gpu_ms=0
  layer=46 kind=recurrent family=ffn_gate_up_projection stage=10 batch=B4 kernel=batched4_gemv recorded=0 gpu_ms=0
  layer=46 kind=recurrent family=swiglu stage=11 batch=B4 kernel=batched4_gemv recorded=0 gpu_ms=0
  layer=46 kind=recurrent family=ffn_down_projection stage=12 batch=B4 kernel=batched4_gemv recorded=0 gpu_ms=0
  layer=46 kind=recurrent family=residual stage=13 batch=B4 kernel=batched4_gemv recorded=0 gpu_ms=0
  layer=46 kind=recurrent family=deferred_prefill_tail batch=B4 kernel=batched4_gemv gpu_ms=15.1973 total_ms=15.2564
  layer=46 kind=recurrent family=prefill_batch_prepare batch=B64 kernel=B4_gemv recorded=1 gpu_ms=3.93777
  layer=47 kind=attention family=normalization stage=0 batch=B4 kernel=batched4_gemv recorded=1 gpu_ms=0.00416
  layer=47 kind=attention family=q_projection stage=1 batch=B4 kernel=batched4_gemv recorded=1 gpu_ms=0.00416
  layer=47 kind=attention family=query_norm_rope stage=2 batch=B4 kernel=batched4_gemv recorded=1 gpu_ms=0.01216
  layer=47 kind=attention family=k_projection stage=3 batch=B4 kernel=batched4_gemv recorded=1 gpu_ms=0.00416
  layer=47 kind=attention family=v_projection stage=4 batch=B4 kernel=batched4_gemv recorded=1 gpu_ms=0.00432
  layer=47 kind=attention family=kv_store stage=5 batch=B4 kernel=batched4_gemv recorded=1 gpu_ms=0.00416
  layer=47 kind=attention family=attention stage=6 batch=B4 kernel=batched4_gemv recorded=1 gpu_ms=0.012
  layer=47 kind=attention family=attention_output_projection stage=7 batch=B4 kernel=batched4_gemv recorded=1 gpu_ms=0.171841
  layer=47 kind=attention family=residual_post_norm stage=8 batch=B4 kernel=batched4_gemv recorded=0 gpu_ms=0
  layer=47 kind=attention family=post_normalization stage=9 batch=B4 kernel=batched4_gemv recorded=0 gpu_ms=0
  layer=47 kind=attention family=ffn_gate_up_projection stage=10 batch=B4 kernel=batched4_gemv recorded=0 gpu_ms=0
  layer=47 kind=attention family=swiglu stage=11 batch=B4 kernel=batched4_gemv recorded=0 gpu_ms=0
  layer=47 kind=attention family=ffn_down_projection stage=12 batch=B4 kernel=batched4_gemv recorded=0 gpu_ms=0
  layer=47 kind=attention family=residual stage=13 batch=B4 kernel=batched4_gemv recorded=0 gpu_ms=0
  layer=47 kind=attention family=residual stage=14 batch=B4 kernel=batched4_gemv recorded=0 gpu_ms=0
  layer=47 kind=attention family=deferred_prefill_tail batch=B4 kernel=batched4_gemv gpu_ms=13.8229 total_ms=14.0399
  layer=47 kind=attention family=prefill_batch_prepare batch=B64 kernel=B4_gemv recorded=1 gpu_ms=3.54641
  layer=48 kind=recurrent family=normalization stage=0 batch=B4 kernel=batched4_gemv recorded=1 gpu_ms=0.00416
  layer=48 kind=recurrent family=qkv_projection stage=1 batch=B4 kernel=batched4_gemv recorded=1 gpu_ms=0.00768
  layer=48 kind=recurrent family=gate_projection stage=2 batch=B4 kernel=batched4_gemv recorded=1 gpu_ms=0.004
  layer=48 kind=recurrent family=recurrent_parameter_projection stage=3 batch=B4 kernel=batched4_gemv recorded=1 gpu_ms=0.0216
  layer=48 kind=recurrent family=conv_and_head_norm stage=4 batch=B4 kernel=batched4_gemv recorded=1 gpu_ms=0.01632
  layer=48 kind=recurrent family=gdn_scan stage=5 batch=B4 kernel=batched4_gemv recorded=1 gpu_ms=0.00896
  layer=48 kind=recurrent family=recurrent_gate stage=6 batch=B4 kernel=batched4_gemv recorded=0 gpu_ms=0
  layer=48 kind=recurrent family=ssm_output_projection stage=7 batch=B4 kernel=batched4_gemv recorded=0 gpu_ms=0
  layer=48 kind=recurrent family=residual_post_norm stage=8 batch=B4 kernel=batched4_gemv recorded=0 gpu_ms=0
  layer=48 kind=recurrent family=post_normalization stage=9 batch=B4 kernel=batched4_gemv recorded=0 gpu_ms=0
  layer=48 kind=recurrent family=ffn_gate_up_projection stage=10 batch=B4 kernel=batched4_gemv recorded=0 gpu_ms=0
  layer=48 kind=recurrent family=swiglu stage=11 batch=B4 kernel=batched4_gemv recorded=0 gpu_ms=0
  layer=48 kind=recurrent family=ffn_down_projection stage=12 batch=B4 kernel=batched4_gemv recorded=0 gpu_ms=0
  layer=48 kind=recurrent family=residual stage=13 batch=B4 kernel=batched4_gemv recorded=0 gpu_ms=0
  layer=48 kind=recurrent family=deferred_prefill_tail batch=B4 kernel=batched4_gemv gpu_ms=16.0177 total_ms=16.0804
  layer=48 kind=recurrent family=prefill_batch_prepare batch=B64 kernel=B4_gemv recorded=1 gpu_ms=3.92001
  layer=49 kind=recurrent family=normalization stage=0 batch=B4 kernel=batched4_gemv recorded=1 gpu_ms=0.00416
  layer=49 kind=recurrent family=qkv_projection stage=1 batch=B4 kernel=batched4_gemv recorded=1 gpu_ms=0.004
  layer=49 kind=recurrent family=gate_projection stage=2 batch=B4 kernel=batched4_gemv recorded=1 gpu_ms=0.004
  layer=49 kind=recurrent family=recurrent_parameter_projection stage=3 batch=B4 kernel=batched4_gemv recorded=1 gpu_ms=0.02176
  layer=49 kind=recurrent family=conv_and_head_norm stage=4 batch=B4 kernel=batched4_gemv recorded=1 gpu_ms=0.016161
  layer=49 kind=recurrent family=gdn_scan stage=5 batch=B4 kernel=batched4_gemv recorded=1 gpu_ms=0.0088
  layer=49 kind=recurrent family=recurrent_gate stage=6 batch=B4 kernel=batched4_gemv recorded=0 gpu_ms=0
  layer=49 kind=recurrent family=ssm_output_projection stage=7 batch=B4 kernel=batched4_gemv recorded=0 gpu_ms=0
  layer=49 kind=recurrent family=residual_post_norm stage=8 batch=B4 kernel=batched4_gemv recorded=0 gpu_ms=0
  layer=49 kind=recurrent family=post_normalization stage=9 batch=B4 kernel=batched4_gemv recorded=0 gpu_ms=0
  layer=49 kind=recurrent family=ffn_gate_up_projection stage=10 batch=B4 kernel=batched4_gemv recorded=0 gpu_ms=0
  layer=49 kind=recurrent family=swiglu stage=11 batch=B4 kernel=batched4_gemv recorded=0 gpu_ms=0
  layer=49 kind=recurrent family=ffn_down_projection stage=12 batch=B4 kernel=batched4_gemv recorded=0 gpu_ms=0
  layer=49 kind=recurrent family=residual stage=13 batch=B4 kernel=batched4_gemv recorded=0 gpu_ms=0
  layer=49 kind=recurrent family=deferred_prefill_tail batch=B4 kernel=batched4_gemv gpu_ms=15.2261 total_ms=15.285
  layer=49 kind=recurrent family=prefill_batch_prepare batch=B64 kernel=B4_gemv recorded=1 gpu_ms=3.94001
  layer=50 kind=recurrent family=normalization stage=0 batch=B4 kernel=batched4_gemv recorded=1 gpu_ms=0.00416
  layer=50 kind=recurrent family=qkv_projection stage=1 batch=B4 kernel=batched4_gemv recorded=1 gpu_ms=0.00416
  layer=50 kind=recurrent family=gate_projection stage=2 batch=B4 kernel=batched4_gemv recorded=1 gpu_ms=0.00416
  layer=50 kind=recurrent family=recurrent_parameter_projection stage=3 batch=B4 kernel=batched4_gemv recorded=1 gpu_ms=0.0216
  layer=50 kind=recurrent family=conv_and_head_norm stage=4 batch=B4 kernel=batched4_gemv recorded=1 gpu_ms=0.01632
  layer=50 kind=recurrent family=gdn_scan stage=5 batch=B4 kernel=batched4_gemv recorded=1 gpu_ms=0.0088
  layer=50 kind=recurrent family=recurrent_gate stage=6 batch=B4 kernel=batched4_gemv recorded=0 gpu_ms=0
  layer=50 kind=recurrent family=ssm_output_projection stage=7 batch=B4 kernel=batched4_gemv recorded=0 gpu_ms=0
  layer=50 kind=recurrent family=residual_post_norm stage=8 batch=B4 kernel=batched4_gemv recorded=0 gpu_ms=0
  layer=50 kind=recurrent family=post_normalization stage=9 batch=B4 kernel=batched4_gemv recorded=0 gpu_ms=0
  layer=50 kind=recurrent family=ffn_gate_up_projection stage=10 batch=B4 kernel=batched4_gemv recorded=0 gpu_ms=0
  layer=50 kind=recurrent family=swiglu stage=11 batch=B4 kernel=batched4_gemv recorded=0 gpu_ms=0
  layer=50 kind=recurrent family=ffn_down_projection stage=12 batch=B4 kernel=batched4_gemv recorded=0 gpu_ms=0
  layer=50 kind=recurrent family=residual stage=13 batch=B4 kernel=batched4_gemv recorded=0 gpu_ms=0
  layer=50 kind=recurrent family=deferred_prefill_tail batch=B4 kernel=batched4_gemv gpu_ms=15.9701 total_ms=16.0293
  layer=50 kind=recurrent family=prefill_batch_prepare batch=B64 kernel=B4_gemv recorded=1 gpu_ms=3.92561
  layer=51 kind=attention family=normalization stage=0 batch=B4 kernel=batched4_gemv recorded=1 gpu_ms=0.00416
  layer=51 kind=attention family=q_projection stage=1 batch=B4 kernel=batched4_gemv recorded=1 gpu_ms=0.00416
  layer=51 kind=attention family=query_norm_rope stage=2 batch=B4 kernel=batched4_gemv recorded=1 gpu_ms=0.012
  layer=51 kind=attention family=k_projection stage=3 batch=B4 kernel=batched4_gemv recorded=1 gpu_ms=0.00416
  layer=51 kind=attention family=v_projection stage=4 batch=B4 kernel=batched4_gemv recorded=1 gpu_ms=0.00416
  layer=51 kind=attention family=kv_store stage=5 batch=B4 kernel=batched4_gemv recorded=1 gpu_ms=0.00416
  layer=51 kind=attention family=attention stage=6 batch=B4 kernel=batched4_gemv recorded=1 gpu_ms=0.01216
  layer=51 kind=attention family=attention_output_projection stage=7 batch=B4 kernel=batched4_gemv recorded=1 gpu_ms=0.172
  layer=51 kind=attention family=residual_post_norm stage=8 batch=B4 kernel=batched4_gemv recorded=0 gpu_ms=0
  layer=51 kind=attention family=post_normalization stage=9 batch=B4 kernel=batched4_gemv recorded=0 gpu_ms=0
  layer=51 kind=attention family=ffn_gate_up_projection stage=10 batch=B4 kernel=batched4_gemv recorded=0 gpu_ms=0
  layer=51 kind=attention family=swiglu stage=11 batch=B4 kernel=batched4_gemv recorded=0 gpu_ms=0
  layer=51 kind=attention family=ffn_down_projection stage=12 batch=B4 kernel=batched4_gemv recorded=0 gpu_ms=0
  layer=51 kind=attention family=residual stage=13 batch=B4 kernel=batched4_gemv recorded=0 gpu_ms=0
  layer=51 kind=attention family=residual stage=14 batch=B4 kernel=batched4_gemv recorded=0 gpu_ms=0
  layer=51 kind=attention family=deferred_prefill_tail batch=B4 kernel=batched4_gemv gpu_ms=13.8093 total_ms=14.0263
  layer=51 kind=attention family=prefill_batch_prepare batch=B64 kernel=B4_gemv recorded=1 gpu_ms=3.55537
  layer=52 kind=recurrent family=normalization stage=0 batch=B4 kernel=batched4_gemv recorded=1 gpu_ms=0.00416
  layer=52 kind=recurrent family=qkv_projection stage=1 batch=B4 kernel=batched4_gemv recorded=1 gpu_ms=0.004
  layer=52 kind=recurrent family=gate_projection stage=2 batch=B4 kernel=batched4_gemv recorded=1 gpu_ms=0.00416
  layer=52 kind=recurrent family=recurrent_parameter_projection stage=3 batch=B4 kernel=batched4_gemv recorded=1 gpu_ms=0.02736
  layer=52 kind=recurrent family=conv_and_head_norm stage=4 batch=B4 kernel=batched4_gemv recorded=1 gpu_ms=0.01632
  layer=52 kind=recurrent family=gdn_scan stage=5 batch=B4 kernel=batched4_gemv recorded=1 gpu_ms=0.00912
  layer=52 kind=recurrent family=recurrent_gate stage=6 batch=B4 kernel=batched4_gemv recorded=0 gpu_ms=0
  layer=52 kind=recurrent family=ssm_output_projection stage=7 batch=B4 kernel=batched4_gemv recorded=0 gpu_ms=0
  layer=52 kind=recurrent family=residual_post_norm stage=8 batch=B4 kernel=batched4_gemv recorded=0 gpu_ms=0
  layer=52 kind=recurrent family=post_normalization stage=9 batch=B4 kernel=batched4_gemv recorded=0 gpu_ms=0
  layer=52 kind=recurrent family=ffn_gate_up_projection stage=10 batch=B4 kernel=batched4_gemv recorded=0 gpu_ms=0
  layer=52 kind=recurrent family=swiglu stage=11 batch=B4 kernel=batched4_gemv recorded=0 gpu_ms=0
  layer=52 kind=recurrent family=ffn_down_projection stage=12 batch=B4 kernel=batched4_gemv recorded=0 gpu_ms=0
  layer=52 kind=recurrent family=residual stage=13 batch=B4 kernel=batched4_gemv recorded=0 gpu_ms=0
  layer=52 kind=recurrent family=deferred_prefill_tail batch=B4 kernel=batched4_gemv gpu_ms=15.1796 total_ms=15.2447
  layer=52 kind=recurrent family=prefill_batch_prepare batch=B64 kernel=B4_gemv recorded=1 gpu_ms=3.93665
  layer=53 kind=recurrent family=normalization stage=0 batch=B4 kernel=batched4_gemv recorded=1 gpu_ms=0.004
  layer=53 kind=recurrent family=qkv_projection stage=1 batch=B4 kernel=batched4_gemv recorded=1 gpu_ms=0.004
  layer=53 kind=recurrent family=gate_projection stage=2 batch=B4 kernel=batched4_gemv recorded=1 gpu_ms=0.00416
  layer=53 kind=recurrent family=recurrent_parameter_projection stage=3 batch=B4 kernel=batched4_gemv recorded=1 gpu_ms=0.0216
  layer=53 kind=recurrent family=conv_and_head_norm stage=4 batch=B4 kernel=batched4_gemv recorded=1 gpu_ms=0.01616
  layer=53 kind=recurrent family=gdn_scan stage=5 batch=B4 kernel=batched4_gemv recorded=1 gpu_ms=0.00912
  layer=53 kind=recurrent family=recurrent_gate stage=6 batch=B4 kernel=batched4_gemv recorded=0 gpu_ms=0
  layer=53 kind=recurrent family=ssm_output_projection stage=7 batch=B4 kernel=batched4_gemv recorded=0 gpu_ms=0
  layer=53 kind=recurrent family=residual_post_norm stage=8 batch=B4 kernel=batched4_gemv recorded=0 gpu_ms=0
  layer=53 kind=recurrent family=post_normalization stage=9 batch=B4 kernel=batched4_gemv recorded=0 gpu_ms=0
  layer=53 kind=recurrent family=ffn_gate_up_projection stage=10 batch=B4 kernel=batched4_gemv recorded=0 gpu_ms=0
  layer=53 kind=recurrent family=swiglu stage=11 batch=B4 kernel=batched4_gemv recorded=0 gpu_ms=0
  layer=53 kind=recurrent family=ffn_down_projection stage=12 batch=B4 kernel=batched4_gemv recorded=0 gpu_ms=0
  layer=53 kind=recurrent family=residual stage=13 batch=B4 kernel=batched4_gemv recorded=0 gpu_ms=0
  layer=53 kind=recurrent family=deferred_prefill_tail batch=B4 kernel=batched4_gemv gpu_ms=16.0065 total_ms=16.0655
  layer=53 kind=recurrent family=prefill_batch_prepare batch=B64 kernel=B4_gemv recorded=1 gpu_ms=3.91777
  layer=54 kind=recurrent family=normalization stage=0 batch=B4 kernel=batched4_gemv recorded=1 gpu_ms=0.004
  layer=54 kind=recurrent family=qkv_projection stage=1 batch=B4 kernel=batched4_gemv recorded=1 gpu_ms=0.004
  layer=54 kind=recurrent family=gate_projection stage=2 batch=B4 kernel=batched4_gemv recorded=1 gpu_ms=0.004
  layer=54 kind=recurrent family=recurrent_parameter_projection stage=3 batch=B4 kernel=batched4_gemv recorded=1 gpu_ms=0.021921
  layer=54 kind=recurrent family=conv_and_head_norm stage=4 batch=B4 kernel=batched4_gemv recorded=1 gpu_ms=0.01632
  layer=54 kind=recurrent family=gdn_scan stage=5 batch=B4 kernel=batched4_gemv recorded=1 gpu_ms=0.00896
  layer=54 kind=recurrent family=recurrent_gate stage=6 batch=B4 kernel=batched4_gemv recorded=0 gpu_ms=0
  layer=54 kind=recurrent family=ssm_output_projection stage=7 batch=B4 kernel=batched4_gemv recorded=0 gpu_ms=0
  layer=54 kind=recurrent family=residual_post_norm stage=8 batch=B4 kernel=batched4_gemv recorded=0 gpu_ms=0
  layer=54 kind=recurrent family=post_normalization stage=9 batch=B4 kernel=batched4_gemv recorded=0 gpu_ms=0
  layer=54 kind=recurrent family=ffn_gate_up_projection stage=10 batch=B4 kernel=batched4_gemv recorded=0 gpu_ms=0
  layer=54 kind=recurrent family=swiglu stage=11 batch=B4 kernel=batched4_gemv recorded=0 gpu_ms=0
  layer=54 kind=recurrent family=ffn_down_projection stage=12 batch=B4 kernel=batched4_gemv recorded=0 gpu_ms=0
  layer=54 kind=recurrent family=residual stage=13 batch=B4 kernel=batched4_gemv recorded=0 gpu_ms=0
  layer=54 kind=recurrent family=deferred_prefill_tail batch=B4 kernel=batched4_gemv gpu_ms=15.9681 total_ms=16.0273
  layer=54 kind=recurrent family=prefill_batch_prepare batch=B64 kernel=B4_gemv recorded=1 gpu_ms=3.92049
  layer=55 kind=attention family=normalization stage=0 batch=B4 kernel=batched4_gemv recorded=1 gpu_ms=0.00416
  layer=55 kind=attention family=q_projection stage=1 batch=B4 kernel=batched4_gemv recorded=1 gpu_ms=0.00416
  layer=55 kind=attention family=query_norm_rope stage=2 batch=B4 kernel=batched4_gemv recorded=1 gpu_ms=0.01216
  layer=55 kind=attention family=k_projection stage=3 batch=B4 kernel=batched4_gemv recorded=1 gpu_ms=0.004
  layer=55 kind=attention family=v_projection stage=4 batch=B4 kernel=batched4_gemv recorded=1 gpu_ms=0.00416
  layer=55 kind=attention family=kv_store stage=5 batch=B4 kernel=batched4_gemv recorded=1 gpu_ms=0.00432
  layer=55 kind=attention family=attention stage=6 batch=B4 kernel=batched4_gemv recorded=1 gpu_ms=0.01184
  layer=55 kind=attention family=attention_output_projection stage=7 batch=B4 kernel=batched4_gemv recorded=1 gpu_ms=0.173441
  layer=55 kind=attention family=residual_post_norm stage=8 batch=B4 kernel=batched4_gemv recorded=0 gpu_ms=0
  layer=55 kind=attention family=post_normalization stage=9 batch=B4 kernel=batched4_gemv recorded=0 gpu_ms=0
  layer=55 kind=attention family=ffn_gate_up_projection stage=10 batch=B4 kernel=batched4_gemv recorded=0 gpu_ms=0
  layer=55 kind=attention family=swiglu stage=11 batch=B4 kernel=batched4_gemv recorded=0 gpu_ms=0
  layer=55 kind=attention family=ffn_down_projection stage=12 batch=B4 kernel=batched4_gemv recorded=0 gpu_ms=0
  layer=55 kind=attention family=residual stage=13 batch=B4 kernel=batched4_gemv recorded=0 gpu_ms=0
  layer=55 kind=attention family=residual stage=14 batch=B4 kernel=batched4_gemv recorded=0 gpu_ms=0
  layer=55 kind=attention family=deferred_prefill_tail batch=B4 kernel=batched4_gemv gpu_ms=13.0258 total_ms=13.244
  layer=55 kind=attention family=prefill_batch_prepare batch=B64 kernel=B4_gemv recorded=1 gpu_ms=3.55057
  layer=56 kind=recurrent family=normalization stage=0 batch=B4 kernel=batched4_gemv recorded=1 gpu_ms=0.004
  layer=56 kind=recurrent family=qkv_projection stage=1 batch=B4 kernel=batched4_gemv recorded=1 gpu_ms=0.00416
  layer=56 kind=recurrent family=gate_projection stage=2 batch=B4 kernel=batched4_gemv recorded=1 gpu_ms=0.004
  layer=56 kind=recurrent family=recurrent_parameter_projection stage=3 batch=B4 kernel=batched4_gemv recorded=1 gpu_ms=0.02176
  layer=56 kind=recurrent family=conv_and_head_norm stage=4 batch=B4 kernel=batched4_gemv recorded=1 gpu_ms=0.01648
  layer=56 kind=recurrent family=gdn_scan stage=5 batch=B4 kernel=batched4_gemv recorded=1 gpu_ms=0.00896
  layer=56 kind=recurrent family=recurrent_gate stage=6 batch=B4 kernel=batched4_gemv recorded=0 gpu_ms=0
  layer=56 kind=recurrent family=ssm_output_projection stage=7 batch=B4 kernel=batched4_gemv recorded=0 gpu_ms=0
  layer=56 kind=recurrent family=residual_post_norm stage=8 batch=B4 kernel=batched4_gemv recorded=0 gpu_ms=0
  layer=56 kind=recurrent family=post_normalization stage=9 batch=B4 kernel=batched4_gemv recorded=0 gpu_ms=0
  layer=56 kind=recurrent family=ffn_gate_up_projection stage=10 batch=B4 kernel=batched4_gemv recorded=0 gpu_ms=0
  layer=56 kind=recurrent family=swiglu stage=11 batch=B4 kernel=batched4_gemv recorded=0 gpu_ms=0
  layer=56 kind=recurrent family=ffn_down_projection stage=12 batch=B4 kernel=batched4_gemv recorded=0 gpu_ms=0
  layer=56 kind=recurrent family=residual stage=13 batch=B4 kernel=batched4_gemv recorded=0 gpu_ms=0
  layer=56 kind=recurrent family=deferred_prefill_tail batch=B4 kernel=batched4_gemv gpu_ms=15.2178 total_ms=15.2772
  layer=56 kind=recurrent family=prefill_batch_prepare batch=B64 kernel=B4_gemv recorded=1 gpu_ms=3.93889
  layer=57 kind=recurrent family=normalization stage=0 batch=B4 kernel=batched4_gemv recorded=1 gpu_ms=0.004
  layer=57 kind=recurrent family=qkv_projection stage=1 batch=B4 kernel=batched4_gemv recorded=1 gpu_ms=0.004
  layer=57 kind=recurrent family=gate_projection stage=2 batch=B4 kernel=batched4_gemv recorded=1 gpu_ms=0.00416
  layer=57 kind=recurrent family=recurrent_parameter_projection stage=3 batch=B4 kernel=batched4_gemv recorded=1 gpu_ms=0.02192
  layer=57 kind=recurrent family=conv_and_head_norm stage=4 batch=B4 kernel=batched4_gemv recorded=1 gpu_ms=0.01664
  layer=57 kind=recurrent family=gdn_scan stage=5 batch=B4 kernel=batched4_gemv recorded=1 gpu_ms=0.0088
  layer=57 kind=recurrent family=recurrent_gate stage=6 batch=B4 kernel=batched4_gemv recorded=0 gpu_ms=0
  layer=57 kind=recurrent family=ssm_output_projection stage=7 batch=B4 kernel=batched4_gemv recorded=0 gpu_ms=0
  layer=57 kind=recurrent family=residual_post_norm stage=8 batch=B4 kernel=batched4_gemv recorded=0 gpu_ms=0
  layer=57 kind=recurrent family=post_normalization stage=9 batch=B4 kernel=batched4_gemv recorded=0 gpu_ms=0
  layer=57 kind=recurrent family=ffn_gate_up_projection stage=10 batch=B4 kernel=batched4_gemv recorded=0 gpu_ms=0
  layer=57 kind=recurrent family=swiglu stage=11 batch=B4 kernel=batched4_gemv recorded=0 gpu_ms=0
  layer=57 kind=recurrent family=ffn_down_projection stage=12 batch=B4 kernel=batched4_gemv recorded=0 gpu_ms=0
  layer=57 kind=recurrent family=residual stage=13 batch=B4 kernel=batched4_gemv recorded=0 gpu_ms=0
  layer=57 kind=recurrent family=deferred_prefill_tail batch=B4 kernel=batched4_gemv gpu_ms=15.2249 total_ms=15.2844
  layer=57 kind=recurrent family=prefill_batch_prepare batch=B64 kernel=B4_gemv recorded=1 gpu_ms=3.94545
  layer=58 kind=recurrent family=normalization stage=0 batch=B4 kernel=batched4_gemv recorded=1 gpu_ms=0.004
  layer=58 kind=recurrent family=qkv_projection stage=1 batch=B4 kernel=batched4_gemv recorded=1 gpu_ms=0.00416
  layer=58 kind=recurrent family=gate_projection stage=2 batch=B4 kernel=batched4_gemv recorded=1 gpu_ms=0.004
  layer=58 kind=recurrent family=recurrent_parameter_projection stage=3 batch=B4 kernel=batched4_gemv recorded=1 gpu_ms=0.02128
  layer=58 kind=recurrent family=conv_and_head_norm stage=4 batch=B4 kernel=batched4_gemv recorded=1 gpu_ms=0.01632
  layer=58 kind=recurrent family=gdn_scan stage=5 batch=B4 kernel=batched4_gemv recorded=1 gpu_ms=0.00896
  layer=58 kind=recurrent family=recurrent_gate stage=6 batch=B4 kernel=batched4_gemv recorded=0 gpu_ms=0
  layer=58 kind=recurrent family=ssm_output_projection stage=7 batch=B4 kernel=batched4_gemv recorded=0 gpu_ms=0
  layer=58 kind=recurrent family=residual_post_norm stage=8 batch=B4 kernel=batched4_gemv recorded=0 gpu_ms=0
  layer=58 kind=recurrent family=post_normalization stage=9 batch=B4 kernel=batched4_gemv recorded=0 gpu_ms=0
  layer=58 kind=recurrent family=ffn_gate_up_projection stage=10 batch=B4 kernel=batched4_gemv recorded=0 gpu_ms=0
  layer=58 kind=recurrent family=swiglu stage=11 batch=B4 kernel=batched4_gemv recorded=0 gpu_ms=0
  layer=58 kind=recurrent family=ffn_down_projection stage=12 batch=B4 kernel=batched4_gemv recorded=0 gpu_ms=0
  layer=58 kind=recurrent family=residual stage=13 batch=B4 kernel=batched4_gemv recorded=0 gpu_ms=0
  layer=58 kind=recurrent family=deferred_prefill_tail batch=B4 kernel=batched4_gemv gpu_ms=15.2269 total_ms=15.2857
  layer=58 kind=recurrent family=prefill_batch_prepare batch=B64 kernel=B4_gemv recorded=1 gpu_ms=3.93393
  layer=59 kind=attention family=normalization stage=0 batch=B4 kernel=batched4_gemv recorded=1 gpu_ms=0.00416
  layer=59 kind=attention family=q_projection stage=1 batch=B4 kernel=batched4_gemv recorded=1 gpu_ms=0.00416
  layer=59 kind=attention family=query_norm_rope stage=2 batch=B4 kernel=batched4_gemv recorded=1 gpu_ms=0.01216
  layer=59 kind=attention family=k_projection stage=3 batch=B4 kernel=batched4_gemv recorded=1 gpu_ms=0.00416
  layer=59 kind=attention family=v_projection stage=4 batch=B4 kernel=batched4_gemv recorded=1 gpu_ms=0.00416
  layer=59 kind=attention family=kv_store stage=5 batch=B4 kernel=batched4_gemv recorded=1 gpu_ms=0.00416
  layer=59 kind=attention family=attention stage=6 batch=B4 kernel=batched4_gemv recorded=1 gpu_ms=0.012
  layer=59 kind=attention family=attention_output_projection stage=7 batch=B4 kernel=batched4_gemv recorded=1 gpu_ms=0.170401
  layer=59 kind=attention family=residual_post_norm stage=8 batch=B4 kernel=batched4_gemv recorded=0 gpu_ms=0
  layer=59 kind=attention family=post_normalization stage=9 batch=B4 kernel=batched4_gemv recorded=0 gpu_ms=0
  layer=59 kind=attention family=ffn_gate_up_projection stage=10 batch=B4 kernel=batched4_gemv recorded=0 gpu_ms=0
  layer=59 kind=attention family=swiglu stage=11 batch=B4 kernel=batched4_gemv recorded=0 gpu_ms=0
  layer=59 kind=attention family=ffn_down_projection stage=12 batch=B4 kernel=batched4_gemv recorded=0 gpu_ms=0
  layer=59 kind=attention family=residual stage=13 batch=B4 kernel=batched4_gemv recorded=0 gpu_ms=0
  layer=59 kind=attention family=residual stage=14 batch=B4 kernel=batched4_gemv recorded=0 gpu_ms=0
  layer=59 kind=attention family=deferred_prefill_tail batch=B4 kernel=batched4_gemv gpu_ms=13.0218 total_ms=13.2372
  layer=59 kind=attention family=prefill_batch_prepare batch=B64 kernel=B4_gemv recorded=1 gpu_ms=3.54993
  layer=60 kind=recurrent family=normalization stage=0 batch=B4 kernel=batched4_gemv recorded=1 gpu_ms=0.004
  layer=60 kind=recurrent family=qkv_projection stage=1 batch=B4 kernel=batched4_gemv recorded=1 gpu_ms=0.004
  layer=60 kind=recurrent family=gate_projection stage=2 batch=B4 kernel=batched4_gemv recorded=1 gpu_ms=0.004
  layer=60 kind=recurrent family=recurrent_parameter_projection stage=3 batch=B4 kernel=batched4_gemv recorded=1 gpu_ms=0.021761
  layer=60 kind=recurrent family=conv_and_head_norm stage=4 batch=B4 kernel=batched4_gemv recorded=1 gpu_ms=0.01632
  layer=60 kind=recurrent family=gdn_scan stage=5 batch=B4 kernel=batched4_gemv recorded=1 gpu_ms=0.0088
  layer=60 kind=recurrent family=recurrent_gate stage=6 batch=B4 kernel=batched4_gemv recorded=0 gpu_ms=0
  layer=60 kind=recurrent family=ssm_output_projection stage=7 batch=B4 kernel=batched4_gemv recorded=0 gpu_ms=0
  layer=60 kind=recurrent family=residual_post_norm stage=8 batch=B4 kernel=batched4_gemv recorded=0 gpu_ms=0
  layer=60 kind=recurrent family=post_normalization stage=9 batch=B4 kernel=batched4_gemv recorded=0 gpu_ms=0
  layer=60 kind=recurrent family=ffn_gate_up_projection stage=10 batch=B4 kernel=batched4_gemv recorded=0 gpu_ms=0
  layer=60 kind=recurrent family=swiglu stage=11 batch=B4 kernel=batched4_gemv recorded=0 gpu_ms=0
  layer=60 kind=recurrent family=ffn_down_projection stage=12 batch=B4 kernel=batched4_gemv recorded=0 gpu_ms=0
  layer=60 kind=recurrent family=residual stage=13 batch=B4 kernel=batched4_gemv recorded=0 gpu_ms=0
  layer=60 kind=recurrent family=deferred_prefill_tail batch=B4 kernel=batched4_gemv gpu_ms=15.2266 total_ms=15.2855
  layer=60 kind=recurrent family=prefill_batch_prepare batch=B64 kernel=B4_gemv recorded=1 gpu_ms=3.94657
  layer=61 kind=recurrent family=normalization stage=0 batch=B4 kernel=batched4_gemv recorded=1 gpu_ms=0.00416
  layer=61 kind=recurrent family=qkv_projection stage=1 batch=B4 kernel=batched4_gemv recorded=1 gpu_ms=0.004
  layer=61 kind=recurrent family=gate_projection stage=2 batch=B4 kernel=batched4_gemv recorded=1 gpu_ms=0.004
  layer=61 kind=recurrent family=recurrent_parameter_projection stage=3 batch=B4 kernel=batched4_gemv recorded=1 gpu_ms=0.02176
  layer=61 kind=recurrent family=conv_and_head_norm stage=4 batch=B4 kernel=batched4_gemv recorded=1 gpu_ms=0.01632
  layer=61 kind=recurrent family=gdn_scan stage=5 batch=B4 kernel=batched4_gemv recorded=1 gpu_ms=0.0088
  layer=61 kind=recurrent family=recurrent_gate stage=6 batch=B4 kernel=batched4_gemv recorded=0 gpu_ms=0
  layer=61 kind=recurrent family=ssm_output_projection stage=7 batch=B4 kernel=batched4_gemv recorded=0 gpu_ms=0
  layer=61 kind=recurrent family=residual_post_norm stage=8 batch=B4 kernel=batched4_gemv recorded=0 gpu_ms=0
  layer=61 kind=recurrent family=post_normalization stage=9 batch=B4 kernel=batched4_gemv recorded=0 gpu_ms=0
  layer=61 kind=recurrent family=ffn_gate_up_projection stage=10 batch=B4 kernel=batched4_gemv recorded=0 gpu_ms=0
  layer=61 kind=recurrent family=swiglu stage=11 batch=B4 kernel=batched4_gemv recorded=0 gpu_ms=0
  layer=61 kind=recurrent family=ffn_down_projection stage=12 batch=B4 kernel=batched4_gemv recorded=0 gpu_ms=0
  layer=61 kind=recurrent family=residual stage=13 batch=B4 kernel=batched4_gemv recorded=0 gpu_ms=0
  layer=61 kind=recurrent family=deferred_prefill_tail batch=B4 kernel=batched4_gemv gpu_ms=15.2322 total_ms=15.2913
  layer=61 kind=recurrent family=prefill_batch_prepare batch=B64 kernel=B4_gemv recorded=1 gpu_ms=3.94417
  layer=62 kind=recurrent family=normalization stage=0 batch=B4 kernel=batched4_gemv recorded=1 gpu_ms=0.00416
  layer=62 kind=recurrent family=qkv_projection stage=1 batch=B4 kernel=batched4_gemv recorded=1 gpu_ms=0.004
  layer=62 kind=recurrent family=gate_projection stage=2 batch=B4 kernel=batched4_gemv recorded=1 gpu_ms=0.004
  layer=62 kind=recurrent family=recurrent_parameter_projection stage=3 batch=B4 kernel=batched4_gemv recorded=1 gpu_ms=0.0216
  layer=62 kind=recurrent family=conv_and_head_norm stage=4 batch=B4 kernel=batched4_gemv recorded=1 gpu_ms=0.016
  layer=62 kind=recurrent family=gdn_scan stage=5 batch=B4 kernel=batched4_gemv recorded=1 gpu_ms=0.00896
  layer=62 kind=recurrent family=recurrent_gate stage=6 batch=B4 kernel=batched4_gemv recorded=0 gpu_ms=0
  layer=62 kind=recurrent family=ssm_output_projection stage=7 batch=B4 kernel=batched4_gemv recorded=0 gpu_ms=0
  layer=62 kind=recurrent family=residual_post_norm stage=8 batch=B4 kernel=batched4_gemv recorded=0 gpu_ms=0
  layer=62 kind=recurrent family=post_normalization stage=9 batch=B4 kernel=batched4_gemv recorded=0 gpu_ms=0
  layer=62 kind=recurrent family=ffn_gate_up_projection stage=10 batch=B4 kernel=batched4_gemv recorded=0 gpu_ms=0
  layer=62 kind=recurrent family=swiglu stage=11 batch=B4 kernel=batched4_gemv recorded=0 gpu_ms=0
  layer=62 kind=recurrent family=ffn_down_projection stage=12 batch=B4 kernel=batched4_gemv recorded=0 gpu_ms=0
  layer=62 kind=recurrent family=residual stage=13 batch=B4 kernel=batched4_gemv recorded=0 gpu_ms=0
  layer=62 kind=recurrent family=deferred_prefill_tail batch=B4 kernel=batched4_gemv gpu_ms=15.2226 total_ms=15.2813
  layer=62 kind=recurrent family=prefill_batch_prepare batch=B64 kernel=B4_gemv recorded=1 gpu_ms=3.94065
  layer=63 kind=attention family=normalization stage=0 batch=B4 kernel=batched4_gemv recorded=1 gpu_ms=0.00416
  layer=63 kind=attention family=q_projection stage=1 batch=B4 kernel=batched4_gemv recorded=1 gpu_ms=0.00416
  layer=63 kind=attention family=query_norm_rope stage=2 batch=B4 kernel=batched4_gemv recorded=1 gpu_ms=0.012321
  layer=63 kind=attention family=k_projection stage=3 batch=B4 kernel=batched4_gemv recorded=1 gpu_ms=0.00416
  layer=63 kind=attention family=v_projection stage=4 batch=B4 kernel=batched4_gemv recorded=1 gpu_ms=0.00416
  layer=63 kind=attention family=kv_store stage=5 batch=B4 kernel=batched4_gemv recorded=1 gpu_ms=0.00416
  layer=63 kind=attention family=attention stage=6 batch=B4 kernel=batched4_gemv recorded=1 gpu_ms=0.01184
  layer=63 kind=attention family=attention_output_projection stage=7 batch=B4 kernel=batched4_gemv recorded=1 gpu_ms=0.1704
  layer=63 kind=attention family=residual_post_norm stage=8 batch=B4 kernel=batched4_gemv recorded=0 gpu_ms=0
  layer=63 kind=attention family=post_normalization stage=9 batch=B4 kernel=batched4_gemv recorded=0 gpu_ms=0
  layer=63 kind=attention family=ffn_gate_up_projection stage=10 batch=B4 kernel=batched4_gemv recorded=0 gpu_ms=0
  layer=63 kind=attention family=swiglu stage=11 batch=B4 kernel=batched4_gemv recorded=0 gpu_ms=0
  layer=63 kind=attention family=ffn_down_projection stage=12 batch=B4 kernel=batched4_gemv recorded=0 gpu_ms=0
  layer=63 kind=attention family=residual stage=13 batch=B4 kernel=batched4_gemv recorded=0 gpu_ms=0
  layer=63 kind=attention family=residual stage=14 batch=B4 kernel=batched4_gemv recorded=0 gpu_ms=0
  layer=63 kind=attention family=deferred_prefill_tail batch=B4 kernel=batched4_gemv gpu_ms=12.7685 total_ms=12.9839
  layer=63 kind=attention family=prefill_batch_prepare batch=B64 kernel=B4_gemv recorded=1 gpu_ms=3.55361
Top operator families (sampled position, summed layers):
  rank=1 family=attention_residual gpu_ms=963.573 share_of_sampled=78.7608
  rank=2 family=prefill_batch_prepare gpu_ms=245.645 share_of_sampled=20.0786
  rank=3 family=projection_or_attention_output gpu_ms=2.74817 share_of_sampled=0.224631
  rank=4 family=projection_or_k gpu_ms=1.11296 share_of_sampled=0.0909718
  rank=5 family=projection_or_v gpu_ms=0.854883 share_of_sampled=0.0698767
  rank=6 family=kv_or_head_norm gpu_ms=0.499044 share_of_sampled=0.040791
  rank=7 family=projection_or_rope gpu_ms=0.390882 share_of_sampled=0.03195
  rank=8 family=normalization gpu_ms=0.26672 share_of_sampled=0.0218012
  rank=9 family=projection_or_norm gpu_ms=0.26432 share_of_sampled=0.0216051
  rank=10 family=gdn_or_attention gpu_ms=0.192161 share_of_sampled=0.0157069
  sampled_layer_gpu_ms=1215.55 accounted_sample_ms=1223.42 wall_ms=11157.8 note=sampled token/layer attribution; not a full-P512 sum


