hello hello hello hello hello hello hello hello hello hello hello hello hello hello hello hello hello hello hello hello hello hello hello hello hello hello hello hello hello hello hello hello hello hello hello hello hello hello hello hello hello hello hello hello hello hello hello hello hello hello hello hello hello hello hello hello hello hello hello hello hello hello hello hello hello hello hello hello hello hello hello hello hello hello hello hello hello hello hello hello hello hello hello hello hello hello hello hello hello hello hello hello hello hello hello hello hello hello hello hello hello hello hello hello hello hello hello hello hello hello hello hello hello hello hello hello hello hello hello hello hello hello hello hello hello hello hello hello hello hello hello hello hello hello hello hello hello hello hello hello hello hello hello hello hello hello hello hello hello hello hello hello hello hello hello hello hello hello hello hello hello hello hello hello hello hello hello hello hello hello hello hello hello hello hello hello hello hello hello hello hello hello hello hello hello hello hello hello hello hello hello hello hello hello hello hello hello hello hello hello hello hello hello hello hello hello hello hello hello hello hello hello hello hello hello hello hello hello hello hello hello hello hello hello hello hello hello hello hello hello hello hello hello hello hello hello hello hello hello hello hello hello hello hello hello hello hello hello hello hello hello hello hello hello hello hello hello hello hello hello hello hello hello hello hello hello hello hello hello hello hello hello hello hello hello hello hello hello hello hello hello hello hello hello hello hello hello hello hello hello hello hello hello hello hello hello hello hello hello hello hello hello hello hello hello hello hello hello hello hello hello hello hello hello hello hello hello hello hello hello hello hello hello hello hello hello hello hello hello hello hello hello hello hello hello hello hello hello hello hello hello hello hello hello hello hello hello hello hello hello hello hello hello hello hello hello hello hello hello hello hello hello hello hello hello hello hello hello hello hello hello hello hello hello hello hello hello hello hello hello hello hello hello hello hello hello hello hello hello hello hello hello hello hello hello hello hello hello hello hello hello hello hello hello hello hello hello hello hello hello hello hello hello hello hello hello hello hello hello hello hello hello hello hello hello hello hello hello hello hello hello hello hello hello hello hello hello hello hello hello hello hello hello hello hello hello hello hello hello hello hello hello hello hello hello hello hello hello hello hello hello hello hello hello hello hello hello hello hello hello hello hello hello hello hello hello hello hello hello hello hello hello hello hello hello hello hello hello hello hello hello hello hello hello hello hello hello hello hello hello hello hello hello hello hello hello hello hello hello hello hello hello Prefill operator profile: prompt=513 chunks=9 wall_ms=11187.9 sampled_position=511 batch_width=B4 (M12 batched4 GEMV) chunk_base=448 embedding_ms=8.14451
  layer=0 kind=recurrent family=normalization stage=0 batch=B4 kernel=batched4_gemv recorded=1 gpu_ms=0.00928
  layer=0 kind=recurrent family=qkv_projection stage=1 batch=B4 kernel=batched4_gemv recorded=1 gpu_ms=0.004
  layer=0 kind=recurrent family=gate_projection stage=2 batch=B4 kernel=batched4_gemv recorded=1 gpu_ms=0.004
  layer=0 kind=recurrent family=recurrent_parameter_projection stage=3 batch=B4 kernel=batched4_gemv recorded=1 gpu_ms=0.02192
  layer=0 kind=recurrent family=conv_and_head_norm stage=4 batch=B4 kernel=batched4_gemv recorded=1 gpu_ms=0.016001
  layer=0 kind=recurrent family=gdn_scan stage=5 batch=B4 kernel=batched4_gemv recorded=1 gpu_ms=0.0088
  layer=0 kind=recurrent family=recurrent_gate stage=6 batch=B4 kernel=batched4_gemv recorded=0 gpu_ms=0
  layer=0 kind=recurrent family=ssm_output_projection stage=7 batch=B4 kernel=batched4_gemv recorded=0 gpu_ms=0
  layer=0 kind=recurrent family=residual_post_norm stage=8 batch=B4 kernel=batched4_gemv recorded=0 gpu_ms=0
  layer=0 kind=recurrent family=post_normalization stage=9 batch=B4 kernel=batched4_gemv recorded=0 gpu_ms=0
  layer=0 kind=recurrent family=ffn_gate_up_projection stage=10 batch=B4 kernel=batched4_gemv recorded=0 gpu_ms=0
  layer=0 kind=recurrent family=swiglu stage=11 batch=B4 kernel=batched4_gemv recorded=0 gpu_ms=0
  layer=0 kind=recurrent family=ffn_down_projection stage=12 batch=B4 kernel=batched4_gemv recorded=0 gpu_ms=0
  layer=0 kind=recurrent family=residual stage=13 batch=B4 kernel=batched4_gemv recorded=0 gpu_ms=0
  layer=0 kind=recurrent family=deferred_prefill_tail batch=B4 kernel=batched4_gemv gpu_ms=15.2249 total_ms=15.2889
  layer=1 kind=recurrent family=normalization stage=0 batch=B4 kernel=batched4_gemv recorded=1 gpu_ms=0.004
  layer=1 kind=recurrent family=qkv_projection stage=1 batch=B4 kernel=batched4_gemv recorded=1 gpu_ms=0.004
  layer=1 kind=recurrent family=gate_projection stage=2 batch=B4 kernel=batched4_gemv recorded=1 gpu_ms=0.004
  layer=1 kind=recurrent family=recurrent_parameter_projection stage=3 batch=B4 kernel=batched4_gemv recorded=1 gpu_ms=0.02224
  layer=1 kind=recurrent family=conv_and_head_norm stage=4 batch=B4 kernel=batched4_gemv recorded=1 gpu_ms=0.01632
  layer=1 kind=recurrent family=gdn_scan stage=5 batch=B4 kernel=batched4_gemv recorded=1 gpu_ms=0.00896
  layer=1 kind=recurrent family=recurrent_gate stage=6 batch=B4 kernel=batched4_gemv recorded=0 gpu_ms=0
  layer=1 kind=recurrent family=ssm_output_projection stage=7 batch=B4 kernel=batched4_gemv recorded=0 gpu_ms=0
  layer=1 kind=recurrent family=residual_post_norm stage=8 batch=B4 kernel=batched4_gemv recorded=0 gpu_ms=0
  layer=1 kind=recurrent family=post_normalization stage=9 batch=B4 kernel=batched4_gemv recorded=0 gpu_ms=0
  layer=1 kind=recurrent family=ffn_gate_up_projection stage=10 batch=B4 kernel=batched4_gemv recorded=0 gpu_ms=0
  layer=1 kind=recurrent family=swiglu stage=11 batch=B4 kernel=batched4_gemv recorded=0 gpu_ms=0
  layer=1 kind=recurrent family=ffn_down_projection stage=12 batch=B4 kernel=batched4_gemv recorded=0 gpu_ms=0
  layer=1 kind=recurrent family=residual stage=13 batch=B4 kernel=batched4_gemv recorded=0 gpu_ms=0
  layer=1 kind=recurrent family=deferred_prefill_tail batch=B4 kernel=batched4_gemv gpu_ms=15.2314 total_ms=15.2909
  layer=2 kind=recurrent family=normalization stage=0 batch=B4 kernel=batched4_gemv recorded=1 gpu_ms=0.004
  layer=2 kind=recurrent family=qkv_projection stage=1 batch=B4 kernel=batched4_gemv recorded=1 gpu_ms=0.004
  layer=2 kind=recurrent family=gate_projection stage=2 batch=B4 kernel=batched4_gemv recorded=1 gpu_ms=0.004
  layer=2 kind=recurrent family=recurrent_parameter_projection stage=3 batch=B4 kernel=batched4_gemv recorded=1 gpu_ms=0.021601
  layer=2 kind=recurrent family=conv_and_head_norm stage=4 batch=B4 kernel=batched4_gemv recorded=1 gpu_ms=0.01616
  layer=2 kind=recurrent family=gdn_scan stage=5 batch=B4 kernel=batched4_gemv recorded=1 gpu_ms=0.00928
  layer=2 kind=recurrent family=recurrent_gate stage=6 batch=B4 kernel=batched4_gemv recorded=0 gpu_ms=0
  layer=2 kind=recurrent family=ssm_output_projection stage=7 batch=B4 kernel=batched4_gemv recorded=0 gpu_ms=0
  layer=2 kind=recurrent family=residual_post_norm stage=8 batch=B4 kernel=batched4_gemv recorded=0 gpu_ms=0
  layer=2 kind=recurrent family=post_normalization stage=9 batch=B4 kernel=batched4_gemv recorded=0 gpu_ms=0
  layer=2 kind=recurrent family=ffn_gate_up_projection stage=10 batch=B4 kernel=batched4_gemv recorded=0 gpu_ms=0
  layer=2 kind=recurrent family=swiglu stage=11 batch=B4 kernel=batched4_gemv recorded=0 gpu_ms=0
  layer=2 kind=recurrent family=ffn_down_projection stage=12 batch=B4 kernel=batched4_gemv recorded=0 gpu_ms=0
  layer=2 kind=recurrent family=residual stage=13 batch=B4 kernel=batched4_gemv recorded=0 gpu_ms=0
  layer=2 kind=recurrent family=deferred_prefill_tail batch=B4 kernel=batched4_gemv gpu_ms=15.2413 total_ms=15.3004
  layer=3 kind=attention family=normalization stage=0 batch=B4 kernel=batched4_gemv recorded=1 gpu_ms=0.004
  layer=3 kind=attention family=q_projection stage=1 batch=B4 kernel=batched4_gemv recorded=1 gpu_ms=0.00416
  layer=3 kind=attention family=query_norm_rope stage=2 batch=B4 kernel=batched4_gemv recorded=1 gpu_ms=0.01184
  layer=3 kind=attention family=k_projection stage=3 batch=B4 kernel=batched4_gemv recorded=1 gpu_ms=0.00416
  layer=3 kind=attention family=v_projection stage=4 batch=B4 kernel=batched4_gemv recorded=1 gpu_ms=0.00416
  layer=3 kind=attention family=kv_store stage=5 batch=B4 kernel=batched4_gemv recorded=1 gpu_ms=0.00416
  layer=3 kind=attention family=attention stage=6 batch=B4 kernel=batched4_gemv recorded=1 gpu_ms=0.01184
  layer=3 kind=attention family=attention_output_projection stage=7 batch=B4 kernel=batched4_gemv recorded=1 gpu_ms=0.171521
  layer=3 kind=attention family=residual_post_norm stage=8 batch=B4 kernel=batched4_gemv recorded=0 gpu_ms=0
  layer=3 kind=attention family=post_normalization stage=9 batch=B4 kernel=batched4_gemv recorded=0 gpu_ms=0
  layer=3 kind=attention family=ffn_gate_up_projection stage=10 batch=B4 kernel=batched4_gemv recorded=0 gpu_ms=0
  layer=3 kind=attention family=swiglu stage=11 batch=B4 kernel=batched4_gemv recorded=0 gpu_ms=0
  layer=3 kind=attention family=ffn_down_projection stage=12 batch=B4 kernel=batched4_gemv recorded=0 gpu_ms=0
  layer=3 kind=attention family=residual stage=13 batch=B4 kernel=batched4_gemv recorded=0 gpu_ms=0
  layer=3 kind=attention family=residual stage=14 batch=B4 kernel=batched4_gemv recorded=0 gpu_ms=0
  layer=3 kind=attention family=deferred_prefill_tail batch=B4 kernel=batched4_gemv gpu_ms=13.008 total_ms=13.2239
  layer=4 kind=recurrent family=normalization stage=0 batch=B4 kernel=batched4_gemv recorded=1 gpu_ms=0.004
  layer=4 kind=recurrent family=qkv_projection stage=1 batch=B4 kernel=batched4_gemv recorded=1 gpu_ms=0.004
  layer=4 kind=recurrent family=gate_projection stage=2 batch=B4 kernel=batched4_gemv recorded=1 gpu_ms=0.00416
  layer=4 kind=recurrent family=recurrent_parameter_projection stage=3 batch=B4 kernel=batched4_gemv recorded=1 gpu_ms=0.021441
  layer=4 kind=recurrent family=conv_and_head_norm stage=4 batch=B4 kernel=batched4_gemv recorded=1 gpu_ms=0.01632
  layer=4 kind=recurrent family=gdn_scan stage=5 batch=B4 kernel=batched4_gemv recorded=1 gpu_ms=0.00912
  layer=4 kind=recurrent family=recurrent_gate stage=6 batch=B4 kernel=batched4_gemv recorded=0 gpu_ms=0
  layer=4 kind=recurrent family=ssm_output_projection stage=7 batch=B4 kernel=batched4_gemv recorded=0 gpu_ms=0
  layer=4 kind=recurrent family=residual_post_norm stage=8 batch=B4 kernel=batched4_gemv recorded=0 gpu_ms=0
  layer=4 kind=recurrent family=post_normalization stage=9 batch=B4 kernel=batched4_gemv recorded=0 gpu_ms=0
  layer=4 kind=recurrent family=ffn_gate_up_projection stage=10 batch=B4 kernel=batched4_gemv recorded=0 gpu_ms=0
  layer=4 kind=recurrent family=swiglu stage=11 batch=B4 kernel=batched4_gemv recorded=0 gpu_ms=0
  layer=4 kind=recurrent family=ffn_down_projection stage=12 batch=B4 kernel=batched4_gemv recorded=0 gpu_ms=0
  layer=4 kind=recurrent family=residual stage=13 batch=B4 kernel=batched4_gemv recorded=0 gpu_ms=0
  layer=4 kind=recurrent family=deferred_prefill_tail batch=B4 kernel=batched4_gemv gpu_ms=15.2389 total_ms=15.298
  layer=5 kind=recurrent family=normalization stage=0 batch=B4 kernel=batched4_gemv recorded=1 gpu_ms=0.00416
  layer=5 kind=recurrent family=qkv_projection stage=1 batch=B4 kernel=batched4_gemv recorded=1 gpu_ms=0.004
  layer=5 kind=recurrent family=gate_projection stage=2 batch=B4 kernel=batched4_gemv recorded=1 gpu_ms=0.00416
  layer=5 kind=recurrent family=recurrent_parameter_projection stage=3 batch=B4 kernel=batched4_gemv recorded=1 gpu_ms=0.02176
  layer=5 kind=recurrent family=conv_and_head_norm stage=4 batch=B4 kernel=batched4_gemv recorded=1 gpu_ms=0.01648
  layer=5 kind=recurrent family=gdn_scan stage=5 batch=B4 kernel=batched4_gemv recorded=1 gpu_ms=0.0088
  layer=5 kind=recurrent family=recurrent_gate stage=6 batch=B4 kernel=batched4_gemv recorded=0 gpu_ms=0
  layer=5 kind=recurrent family=ssm_output_projection stage=7 batch=B4 kernel=batched4_gemv recorded=0 gpu_ms=0
  layer=5 kind=recurrent family=residual_post_norm stage=8 batch=B4 kernel=batched4_gemv recorded=0 gpu_ms=0
  layer=5 kind=recurrent family=post_normalization stage=9 batch=B4 kernel=batched4_gemv recorded=0 gpu_ms=0
  layer=5 kind=recurrent family=ffn_gate_up_projection stage=10 batch=B4 kernel=batched4_gemv recorded=0 gpu_ms=0
  layer=5 kind=recurrent family=swiglu stage=11 batch=B4 kernel=batched4_gemv recorded=0 gpu_ms=0
  layer=5 kind=recurrent family=ffn_down_projection stage=12 batch=B4 kernel=batched4_gemv recorded=0 gpu_ms=0
  layer=5 kind=recurrent family=residual stage=13 batch=B4 kernel=batched4_gemv recorded=0 gpu_ms=0
  layer=5 kind=recurrent family=deferred_prefill_tail batch=B4 kernel=batched4_gemv gpu_ms=15.2556 total_ms=15.3149
  layer=6 kind=recurrent family=normalization stage=0 batch=B4 kernel=batched4_gemv recorded=1 gpu_ms=0.00416
  layer=6 kind=recurrent family=qkv_projection stage=1 batch=B4 kernel=batched4_gemv recorded=1 gpu_ms=0.004
  layer=6 kind=recurrent family=gate_projection stage=2 batch=B4 kernel=batched4_gemv recorded=1 gpu_ms=0.00416
  layer=6 kind=recurrent family=recurrent_parameter_projection stage=3 batch=B4 kernel=batched4_gemv recorded=1 gpu_ms=0.02192
  layer=6 kind=recurrent family=conv_and_head_norm stage=4 batch=B4 kernel=batched4_gemv recorded=1 gpu_ms=0.01648
  layer=6 kind=recurrent family=gdn_scan stage=5 batch=B4 kernel=batched4_gemv recorded=1 gpu_ms=0.0088
  layer=6 kind=recurrent family=recurrent_gate stage=6 batch=B4 kernel=batched4_gemv recorded=0 gpu_ms=0
  layer=6 kind=recurrent family=ssm_output_projection stage=7 batch=B4 kernel=batched4_gemv recorded=0 gpu_ms=0
  layer=6 kind=recurrent family=residual_post_norm stage=8 batch=B4 kernel=batched4_gemv recorded=0 gpu_ms=0
  layer=6 kind=recurrent family=post_normalization stage=9 batch=B4 kernel=batched4_gemv recorded=0 gpu_ms=0
  layer=6 kind=recurrent family=ffn_gate_up_projection stage=10 batch=B4 kernel=batched4_gemv recorded=0 gpu_ms=0
  layer=6 kind=recurrent family=swiglu stage=11 batch=B4 kernel=batched4_gemv recorded=0 gpu_ms=0
  layer=6 kind=recurrent family=ffn_down_projection stage=12 batch=B4 kernel=batched4_gemv recorded=0 gpu_ms=0
  layer=6 kind=recurrent family=residual stage=13 batch=B4 kernel=batched4_gemv recorded=0 gpu_ms=0
  layer=6 kind=recurrent family=deferred_prefill_tail batch=B4 kernel=batched4_gemv gpu_ms=15.2533 total_ms=15.3129
  layer=7 kind=attention family=normalization stage=0 batch=B4 kernel=batched4_gemv recorded=1 gpu_ms=0.00416
  layer=7 kind=attention family=q_projection stage=1 batch=B4 kernel=batched4_gemv recorded=1 gpu_ms=0.00416
  layer=7 kind=attention family=query_norm_rope stage=2 batch=B4 kernel=batched4_gemv recorded=1 gpu_ms=0.01216
  layer=7 kind=attention family=k_projection stage=3 batch=B4 kernel=batched4_gemv recorded=1 gpu_ms=0.00416
  layer=7 kind=attention family=v_projection stage=4 batch=B4 kernel=batched4_gemv recorded=1 gpu_ms=0.00416
  layer=7 kind=attention family=kv_store stage=5 batch=B4 kernel=batched4_gemv recorded=1 gpu_ms=0.00416
  layer=7 kind=attention family=attention stage=6 batch=B4 kernel=batched4_gemv recorded=1 gpu_ms=0.012
  layer=7 kind=attention family=attention_output_projection stage=7 batch=B4 kernel=batched4_gemv recorded=1 gpu_ms=0.172321
  layer=7 kind=attention family=residual_post_norm stage=8 batch=B4 kernel=batched4_gemv recorded=0 gpu_ms=0
  layer=7 kind=attention family=post_normalization stage=9 batch=B4 kernel=batched4_gemv recorded=0 gpu_ms=0
  layer=7 kind=attention family=ffn_gate_up_projection stage=10 batch=B4 kernel=batched4_gemv recorded=0 gpu_ms=0
  layer=7 kind=attention family=swiglu stage=11 batch=B4 kernel=batched4_gemv recorded=0 gpu_ms=0
  layer=7 kind=attention family=ffn_down_projection stage=12 batch=B4 kernel=batched4_gemv recorded=0 gpu_ms=0
  layer=7 kind=attention family=residual stage=13 batch=B4 kernel=batched4_gemv recorded=0 gpu_ms=0
  layer=7 kind=attention family=residual stage=14 batch=B4 kernel=batched4_gemv recorded=0 gpu_ms=0
  layer=7 kind=attention family=deferred_prefill_tail batch=B4 kernel=batched4_gemv gpu_ms=13.0223 total_ms=13.2396
  layer=8 kind=recurrent family=normalization stage=0 batch=B4 kernel=batched4_gemv recorded=1 gpu_ms=0.00416
  layer=8 kind=recurrent family=qkv_projection stage=1 batch=B4 kernel=batched4_gemv recorded=1 gpu_ms=0.00416
  layer=8 kind=recurrent family=gate_projection stage=2 batch=B4 kernel=batched4_gemv recorded=1 gpu_ms=0.004
  layer=8 kind=recurrent family=recurrent_parameter_projection stage=3 batch=B4 kernel=batched4_gemv recorded=1 gpu_ms=0.0216
  layer=8 kind=recurrent family=conv_and_head_norm stage=4 batch=B4 kernel=batched4_gemv recorded=1 gpu_ms=0.01632
  layer=8 kind=recurrent family=gdn_scan stage=5 batch=B4 kernel=batched4_gemv recorded=1 gpu_ms=0.00896
  layer=8 kind=recurrent family=recurrent_gate stage=6 batch=B4 kernel=batched4_gemv recorded=0 gpu_ms=0
  layer=8 kind=recurrent family=ssm_output_projection stage=7 batch=B4 kernel=batched4_gemv recorded=0 gpu_ms=0
  layer=8 kind=recurrent family=residual_post_norm stage=8 batch=B4 kernel=batched4_gemv recorded=0 gpu_ms=0
  layer=8 kind=recurrent family=post_normalization stage=9 batch=B4 kernel=batched4_gemv recorded=0 gpu_ms=0
  layer=8 kind=recurrent family=ffn_gate_up_projection stage=10 batch=B4 kernel=batched4_gemv recorded=0 gpu_ms=0
  layer=8 kind=recurrent family=swiglu stage=11 batch=B4 kernel=batched4_gemv recorded=0 gpu_ms=0
  layer=8 kind=recurrent family=ffn_down_projection stage=12 batch=B4 kernel=batched4_gemv recorded=0 gpu_ms=0
  layer=8 kind=recurrent family=residual stage=13 batch=B4 kernel=batched4_gemv recorded=0 gpu_ms=0
  layer=8 kind=recurrent family=deferred_prefill_tail batch=B4 kernel=batched4_gemv gpu_ms=16.0263 total_ms=16.0855
  layer=9 kind=recurrent family=normalization stage=0 batch=B4 kernel=batched4_gemv recorded=1 gpu_ms=0.004
  layer=9 kind=recurrent family=qkv_projection stage=1 batch=B4 kernel=batched4_gemv recorded=1 gpu_ms=0.00416
  layer=9 kind=recurrent family=gate_projection stage=2 batch=B4 kernel=batched4_gemv recorded=1 gpu_ms=0.004
  layer=9 kind=recurrent family=recurrent_parameter_projection stage=3 batch=B4 kernel=batched4_gemv recorded=1 gpu_ms=0.02128
  layer=9 kind=recurrent family=conv_and_head_norm stage=4 batch=B4 kernel=batched4_gemv recorded=1 gpu_ms=0.01632
  layer=9 kind=recurrent family=gdn_scan stage=5 batch=B4 kernel=batched4_gemv recorded=1 gpu_ms=0.0088
  layer=9 kind=recurrent family=recurrent_gate stage=6 batch=B4 kernel=batched4_gemv recorded=0 gpu_ms=0
  layer=9 kind=recurrent family=ssm_output_projection stage=7 batch=B4 kernel=batched4_gemv recorded=0 gpu_ms=0
  layer=9 kind=recurrent family=residual_post_norm stage=8 batch=B4 kernel=batched4_gemv recorded=0 gpu_ms=0
  layer=9 kind=recurrent family=post_normalization stage=9 batch=B4 kernel=batched4_gemv recorded=0 gpu_ms=0
  layer=9 kind=recurrent family=ffn_gate_up_projection stage=10 batch=B4 kernel=batched4_gemv recorded=0 gpu_ms=0
  layer=9 kind=recurrent family=swiglu stage=11 batch=B4 kernel=batched4_gemv recorded=0 gpu_ms=0
  layer=9 kind=recurrent family=ffn_down_projection stage=12 batch=B4 kernel=batched4_gemv recorded=0 gpu_ms=0
  layer=9 kind=recurrent family=residual stage=13 batch=B4 kernel=batched4_gemv recorded=0 gpu_ms=0
  layer=9 kind=recurrent family=deferred_prefill_tail batch=B4 kernel=batched4_gemv gpu_ms=16.0116 total_ms=16.0701
  layer=10 kind=recurrent family=normalization stage=0 batch=B4 kernel=batched4_gemv recorded=1 gpu_ms=0.004
  layer=10 kind=recurrent family=qkv_projection stage=1 batch=B4 kernel=batched4_gemv recorded=1 gpu_ms=0.00416
  layer=10 kind=recurrent family=gate_projection stage=2 batch=B4 kernel=batched4_gemv recorded=1 gpu_ms=0.00416
  layer=10 kind=recurrent family=recurrent_parameter_projection stage=3 batch=B4 kernel=batched4_gemv recorded=1 gpu_ms=0.0216
  layer=10 kind=recurrent family=conv_and_head_norm stage=4 batch=B4 kernel=batched4_gemv recorded=1 gpu_ms=0.01632
  layer=10 kind=recurrent family=gdn_scan stage=5 batch=B4 kernel=batched4_gemv recorded=1 gpu_ms=0.00896
  layer=10 kind=recurrent family=recurrent_gate stage=6 batch=B4 kernel=batched4_gemv recorded=0 gpu_ms=0
  layer=10 kind=recurrent family=ssm_output_projection stage=7 batch=B4 kernel=batched4_gemv recorded=0 gpu_ms=0
  layer=10 kind=recurrent family=residual_post_norm stage=8 batch=B4 kernel=batched4_gemv recorded=0 gpu_ms=0
  layer=10 kind=recurrent family=post_normalization stage=9 batch=B4 kernel=batched4_gemv recorded=0 gpu_ms=0
  layer=10 kind=recurrent family=ffn_gate_up_projection stage=10 batch=B4 kernel=batched4_gemv recorded=0 gpu_ms=0
  layer=10 kind=recurrent family=swiglu stage=11 batch=B4 kernel=batched4_gemv recorded=0 gpu_ms=0
  layer=10 kind=recurrent family=ffn_down_projection stage=12 batch=B4 kernel=batched4_gemv recorded=0 gpu_ms=0
  layer=10 kind=recurrent family=residual stage=13 batch=B4 kernel=batched4_gemv recorded=0 gpu_ms=0
  layer=10 kind=recurrent family=deferred_prefill_tail batch=B4 kernel=batched4_gemv gpu_ms=15.237 total_ms=15.2962
  layer=11 kind=attention family=normalization stage=0 batch=B4 kernel=batched4_gemv recorded=1 gpu_ms=0.00416
  layer=11 kind=attention family=q_projection stage=1 batch=B4 kernel=batched4_gemv recorded=1 gpu_ms=0.00416
  layer=11 kind=attention family=query_norm_rope stage=2 batch=B4 kernel=batched4_gemv recorded=1 gpu_ms=0.01216
  layer=11 kind=attention family=k_projection stage=3 batch=B4 kernel=batched4_gemv recorded=1 gpu_ms=0.00416
  layer=11 kind=attention family=v_projection stage=4 batch=B4 kernel=batched4_gemv recorded=1 gpu_ms=0.004
  layer=11 kind=attention family=kv_store stage=5 batch=B4 kernel=batched4_gemv recorded=1 gpu_ms=0.00416
  layer=11 kind=attention family=attention stage=6 batch=B4 kernel=batched4_gemv recorded=1 gpu_ms=0.01216
  layer=11 kind=attention family=attention_output_projection stage=7 batch=B4 kernel=batched4_gemv recorded=1 gpu_ms=0.171841
  layer=11 kind=attention family=residual_post_norm stage=8 batch=B4 kernel=batched4_gemv recorded=0 gpu_ms=0
  layer=11 kind=attention family=post_normalization stage=9 batch=B4 kernel=batched4_gemv recorded=0 gpu_ms=0
  layer=11 kind=attention family=ffn_gate_up_projection stage=10 batch=B4 kernel=batched4_gemv recorded=0 gpu_ms=0
  layer=11 kind=attention family=swiglu stage=11 batch=B4 kernel=batched4_gemv recorded=0 gpu_ms=0
  layer=11 kind=attention family=ffn_down_projection stage=12 batch=B4 kernel=batched4_gemv recorded=0 gpu_ms=0
  layer=11 kind=attention family=residual stage=13 batch=B4 kernel=batched4_gemv recorded=0 gpu_ms=0
  layer=11 kind=attention family=residual stage=14 batch=B4 kernel=batched4_gemv recorded=0 gpu_ms=0
  layer=11 kind=attention family=deferred_prefill_tail batch=B4 kernel=batched4_gemv gpu_ms=13.8253 total_ms=14.0421
  layer=12 kind=recurrent family=normalization stage=0 batch=B4 kernel=batched4_gemv recorded=1 gpu_ms=0.00416
  layer=12 kind=recurrent family=qkv_projection stage=1 batch=B4 kernel=batched4_gemv recorded=1 gpu_ms=0.004
  layer=12 kind=recurrent family=gate_projection stage=2 batch=B4 kernel=batched4_gemv recorded=1 gpu_ms=0.00416
  layer=12 kind=recurrent family=recurrent_parameter_projection stage=3 batch=B4 kernel=batched4_gemv recorded=1 gpu_ms=0.02144
  layer=12 kind=recurrent family=conv_and_head_norm stage=4 batch=B4 kernel=batched4_gemv recorded=1 gpu_ms=0.01632
  layer=12 kind=recurrent family=gdn_scan stage=5 batch=B4 kernel=batched4_gemv recorded=1 gpu_ms=0.00896
  layer=12 kind=recurrent family=recurrent_gate stage=6 batch=B4 kernel=batched4_gemv recorded=0 gpu_ms=0
  layer=12 kind=recurrent family=ssm_output_projection stage=7 batch=B4 kernel=batched4_gemv recorded=0 gpu_ms=0
  layer=12 kind=recurrent family=residual_post_norm stage=8 batch=B4 kernel=batched4_gemv recorded=0 gpu_ms=0
  layer=12 kind=recurrent family=post_normalization stage=9 batch=B4 kernel=batched4_gemv recorded=0 gpu_ms=0
  layer=12 kind=recurrent family=ffn_gate_up_projection stage=10 batch=B4 kernel=batched4_gemv recorded=0 gpu_ms=0
  layer=12 kind=recurrent family=swiglu stage=11 batch=B4 kernel=batched4_gemv recorded=0 gpu_ms=0
  layer=12 kind=recurrent family=ffn_down_projection stage=12 batch=B4 kernel=batched4_gemv recorded=0 gpu_ms=0
  layer=12 kind=recurrent family=residual stage=13 batch=B4 kernel=batched4_gemv recorded=0 gpu_ms=0
  layer=12 kind=recurrent family=deferred_prefill_tail batch=B4 kernel=batched4_gemv gpu_ms=16.0484 total_ms=16.1074
  layer=13 kind=recurrent family=normalization stage=0 batch=B4 kernel=batched4_gemv recorded=1 gpu_ms=0.004
  layer=13 kind=recurrent family=qkv_projection stage=1 batch=B4 kernel=batched4_gemv recorded=1 gpu_ms=0.004
  layer=13 kind=recurrent family=gate_projection stage=2 batch=B4 kernel=batched4_gemv recorded=1 gpu_ms=0.00416
  layer=13 kind=recurrent family=recurrent_parameter_projection stage=3 batch=B4 kernel=batched4_gemv recorded=1 gpu_ms=0.02144
  layer=13 kind=recurrent family=conv_and_head_norm stage=4 batch=B4 kernel=batched4_gemv recorded=1 gpu_ms=0.01664
  layer=13 kind=recurrent family=gdn_scan stage=5 batch=B4 kernel=batched4_gemv recorded=1 gpu_ms=0.0088
  layer=13 kind=recurrent family=recurrent_gate stage=6 batch=B4 kernel=batched4_gemv recorded=0 gpu_ms=0
  layer=13 kind=recurrent family=ssm_output_projection stage=7 batch=B4 kernel=batched4_gemv recorded=0 gpu_ms=0
  layer=13 kind=recurrent family=residual_post_norm stage=8 batch=B4 kernel=batched4_gemv recorded=0 gpu_ms=0
  layer=13 kind=recurrent family=post_normalization stage=9 batch=B4 kernel=batched4_gemv recorded=0 gpu_ms=0
  layer=13 kind=recurrent family=ffn_gate_up_projection stage=10 batch=B4 kernel=batched4_gemv recorded=0 gpu_ms=0
  layer=13 kind=recurrent family=swiglu stage=11 batch=B4 kernel=batched4_gemv recorded=0 gpu_ms=0
  layer=13 kind=recurrent family=ffn_down_projection stage=12 batch=B4 kernel=batched4_gemv recorded=0 gpu_ms=0
  layer=13 kind=recurrent family=residual stage=13 batch=B4 kernel=batched4_gemv recorded=0 gpu_ms=0
  layer=13 kind=recurrent family=deferred_prefill_tail batch=B4 kernel=batched4_gemv gpu_ms=15.2258 total_ms=15.2849
  layer=14 kind=recurrent family=normalization stage=0 batch=B4 kernel=batched4_gemv recorded=1 gpu_ms=0.00416
  layer=14 kind=recurrent family=qkv_projection stage=1 batch=B4 kernel=batched4_gemv recorded=1 gpu_ms=0.004
  layer=14 kind=recurrent family=gate_projection stage=2 batch=B4 kernel=batched4_gemv recorded=1 gpu_ms=0.00416
  layer=14 kind=recurrent family=recurrent_parameter_projection stage=3 batch=B4 kernel=batched4_gemv recorded=1 gpu_ms=0.024
  layer=14 kind=recurrent family=conv_and_head_norm stage=4 batch=B4 kernel=batched4_gemv recorded=1 gpu_ms=0.01632
  layer=14 kind=recurrent family=gdn_scan stage=5 batch=B4 kernel=batched4_gemv recorded=1 gpu_ms=0.0088
  layer=14 kind=recurrent family=recurrent_gate stage=6 batch=B4 kernel=batched4_gemv recorded=0 gpu_ms=0
  layer=14 kind=recurrent family=ssm_output_projection stage=7 batch=B4 kernel=batched4_gemv recorded=0 gpu_ms=0
  layer=14 kind=recurrent family=residual_post_norm stage=8 batch=B4 kernel=batched4_gemv recorded=0 gpu_ms=0
  layer=14 kind=recurrent family=post_normalization stage=9 batch=B4 kernel=batched4_gemv recorded=0 gpu_ms=0
  layer=14 kind=recurrent family=ffn_gate_up_projection stage=10 batch=B4 kernel=batched4_gemv recorded=0 gpu_ms=0
  layer=14 kind=recurrent family=swiglu stage=11 batch=B4 kernel=batched4_gemv recorded=0 gpu_ms=0
  layer=14 kind=recurrent family=ffn_down_projection stage=12 batch=B4 kernel=batched4_gemv recorded=0 gpu_ms=0
  layer=14 kind=recurrent family=residual stage=13 batch=B4 kernel=batched4_gemv recorded=0 gpu_ms=0
  layer=14 kind=recurrent family=deferred_prefill_tail batch=B4 kernel=batched4_gemv gpu_ms=16.0428 total_ms=16.1042
  layer=15 kind=attention family=normalization stage=0 batch=B4 kernel=batched4_gemv recorded=1 gpu_ms=0.004
  layer=15 kind=attention family=q_projection stage=1 batch=B4 kernel=batched4_gemv recorded=1 gpu_ms=0.00416
  layer=15 kind=attention family=query_norm_rope stage=2 batch=B4 kernel=batched4_gemv recorded=1 gpu_ms=0.012161
  layer=15 kind=attention family=k_projection stage=3 batch=B4 kernel=batched4_gemv recorded=1 gpu_ms=0.004
  layer=15 kind=attention family=v_projection stage=4 batch=B4 kernel=batched4_gemv recorded=1 gpu_ms=0.00432
  layer=15 kind=attention family=kv_store stage=5 batch=B4 kernel=batched4_gemv recorded=1 gpu_ms=0.004
  layer=15 kind=attention family=attention stage=6 batch=B4 kernel=batched4_gemv recorded=1 gpu_ms=0.01184
  layer=15 kind=attention family=attention_output_projection stage=7 batch=B4 kernel=batched4_gemv recorded=1 gpu_ms=0.172
  layer=15 kind=attention family=residual_post_norm stage=8 batch=B4 kernel=batched4_gemv recorded=0 gpu_ms=0
  layer=15 kind=attention family=post_normalization stage=9 batch=B4 kernel=batched4_gemv recorded=0 gpu_ms=0
  layer=15 kind=attention family=ffn_gate_up_projection stage=10 batch=B4 kernel=batched4_gemv recorded=0 gpu_ms=0
  layer=15 kind=attention family=swiglu stage=11 batch=B4 kernel=batched4_gemv recorded=0 gpu_ms=0
  layer=15 kind=attention family=ffn_down_projection stage=12 batch=B4 kernel=batched4_gemv recorded=0 gpu_ms=0
  layer=15 kind=attention family=residual stage=13 batch=B4 kernel=batched4_gemv recorded=0 gpu_ms=0
  layer=15 kind=attention family=residual stage=14 batch=B4 kernel=batched4_gemv recorded=0 gpu_ms=0
  layer=15 kind=attention family=deferred_prefill_tail batch=B4 kernel=batched4_gemv gpu_ms=13.7799 total_ms=13.9964
  layer=16 kind=recurrent family=normalization stage=0 batch=B4 kernel=batched4_gemv recorded=1 gpu_ms=0.004
  layer=16 kind=recurrent family=qkv_projection stage=1 batch=B4 kernel=batched4_gemv recorded=1 gpu_ms=0.004
  layer=16 kind=recurrent family=gate_projection stage=2 batch=B4 kernel=batched4_gemv recorded=1 gpu_ms=0.004
  layer=16 kind=recurrent family=recurrent_parameter_projection stage=3 batch=B4 kernel=batched4_gemv recorded=1 gpu_ms=0.021601
  layer=16 kind=recurrent family=conv_and_head_norm stage=4 batch=B4 kernel=batched4_gemv recorded=1 gpu_ms=0.01648
  layer=16 kind=recurrent family=gdn_scan stage=5 batch=B4 kernel=batched4_gemv recorded=1 gpu_ms=0.00896
  layer=16 kind=recurrent family=recurrent_gate stage=6 batch=B4 kernel=batched4_gemv recorded=0 gpu_ms=0
  layer=16 kind=recurrent family=ssm_output_projection stage=7 batch=B4 kernel=batched4_gemv recorded=0 gpu_ms=0
  layer=16 kind=recurrent family=residual_post_norm stage=8 batch=B4 kernel=batched4_gemv recorded=0 gpu_ms=0
  layer=16 kind=recurrent family=post_normalization stage=9 batch=B4 kernel=batched4_gemv recorded=0 gpu_ms=0
  layer=16 kind=recurrent family=ffn_gate_up_projection stage=10 batch=B4 kernel=batched4_gemv recorded=0 gpu_ms=0
  layer=16 kind=recurrent family=swiglu stage=11 batch=B4 kernel=batched4_gemv recorded=0 gpu_ms=0
  layer=16 kind=recurrent family=ffn_down_projection stage=12 batch=B4 kernel=batched4_gemv recorded=0 gpu_ms=0
  layer=16 kind=recurrent family=residual stage=13 batch=B4 kernel=batched4_gemv recorded=0 gpu_ms=0
  layer=16 kind=recurrent family=deferred_prefill_tail batch=B4 kernel=batched4_gemv gpu_ms=15.241 total_ms=15.3001
  layer=17 kind=recurrent family=normalization stage=0 batch=B4 kernel=batched4_gemv recorded=1 gpu_ms=0.004
  layer=17 kind=recurrent family=qkv_projection stage=1 batch=B4 kernel=batched4_gemv recorded=1 gpu_ms=0.00416
  layer=17 kind=recurrent family=gate_projection stage=2 batch=B4 kernel=batched4_gemv recorded=1 gpu_ms=0.00416
  layer=17 kind=recurrent family=recurrent_parameter_projection stage=3 batch=B4 kernel=batched4_gemv recorded=1 gpu_ms=0.02144
  layer=17 kind=recurrent family=conv_and_head_norm stage=4 batch=B4 kernel=batched4_gemv recorded=1 gpu_ms=0.01744
  layer=17 kind=recurrent family=gdn_scan stage=5 batch=B4 kernel=batched4_gemv recorded=1 gpu_ms=0.0088
  layer=17 kind=recurrent family=recurrent_gate stage=6 batch=B4 kernel=batched4_gemv recorded=0 gpu_ms=0
  layer=17 kind=recurrent family=ssm_output_projection stage=7 batch=B4 kernel=batched4_gemv recorded=0 gpu_ms=0
  layer=17 kind=recurrent family=residual_post_norm stage=8 batch=B4 kernel=batched4_gemv recorded=0 gpu_ms=0
  layer=17 kind=recurrent family=post_normalization stage=9 batch=B4 kernel=batched4_gemv recorded=0 gpu_ms=0
  layer=17 kind=recurrent family=ffn_gate_up_projection stage=10 batch=B4 kernel=batched4_gemv recorded=0 gpu_ms=0
  layer=17 kind=recurrent family=swiglu stage=11 batch=B4 kernel=batched4_gemv recorded=0 gpu_ms=0
  layer=17 kind=recurrent family=ffn_down_projection stage=12 batch=B4 kernel=batched4_gemv recorded=0 gpu_ms=0
  layer=17 kind=recurrent family=residual stage=13 batch=B4 kernel=batched4_gemv recorded=0 gpu_ms=0
  layer=17 kind=recurrent family=deferred_prefill_tail batch=B4 kernel=batched4_gemv gpu_ms=16.0613 total_ms=16.1213
  layer=18 kind=recurrent family=normalization stage=0 batch=B4 kernel=batched4_gemv recorded=1 gpu_ms=0.00416
  layer=18 kind=recurrent family=qkv_projection stage=1 batch=B4 kernel=batched4_gemv recorded=1 gpu_ms=0.00416
  layer=18 kind=recurrent family=gate_projection stage=2 batch=B4 kernel=batched4_gemv recorded=1 gpu_ms=0.00416
  layer=18 kind=recurrent family=recurrent_parameter_projection stage=3 batch=B4 kernel=batched4_gemv recorded=1 gpu_ms=0.0216
  layer=18 kind=recurrent family=conv_and_head_norm stage=4 batch=B4 kernel=batched4_gemv recorded=1 gpu_ms=0.016481
  layer=18 kind=recurrent family=gdn_scan stage=5 batch=B4 kernel=batched4_gemv recorded=1 gpu_ms=0.0088
  layer=18 kind=recurrent family=recurrent_gate stage=6 batch=B4 kernel=batched4_gemv recorded=0 gpu_ms=0
  layer=18 kind=recurrent family=ssm_output_projection stage=7 batch=B4 kernel=batched4_gemv recorded=0 gpu_ms=0
  layer=18 kind=recurrent family=residual_post_norm stage=8 batch=B4 kernel=batched4_gemv recorded=0 gpu_ms=0
  layer=18 kind=recurrent family=post_normalization stage=9 batch=B4 kernel=batched4_gemv recorded=0 gpu_ms=0
  layer=18 kind=recurrent family=ffn_gate_up_projection stage=10 batch=B4 kernel=batched4_gemv recorded=0 gpu_ms=0
  layer=18 kind=recurrent family=swiglu stage=11 batch=B4 kernel=batched4_gemv recorded=0 gpu_ms=0
  layer=18 kind=recurrent family=ffn_down_projection stage=12 batch=B4 kernel=batched4_gemv recorded=0 gpu_ms=0
  layer=18 kind=recurrent family=residual stage=13 batch=B4 kernel=batched4_gemv recorded=0 gpu_ms=0
  layer=18 kind=recurrent family=deferred_prefill_tail batch=B4 kernel=batched4_gemv gpu_ms=16.0194 total_ms=16.0788
  layer=19 kind=attention family=normalization stage=0 batch=B4 kernel=batched4_gemv recorded=1 gpu_ms=0.00416
  layer=19 kind=attention family=q_projection stage=1 batch=B4 kernel=batched4_gemv recorded=1 gpu_ms=0.00416
  layer=19 kind=attention family=query_norm_rope stage=2 batch=B4 kernel=batched4_gemv recorded=1 gpu_ms=0.012
  layer=19 kind=attention family=k_projection stage=3 batch=B4 kernel=batched4_gemv recorded=1 gpu_ms=0.00416
  layer=19 kind=attention family=v_projection stage=4 batch=B4 kernel=batched4_gemv recorded=1 gpu_ms=0.00416
  layer=19 kind=attention family=kv_store stage=5 batch=B4 kernel=batched4_gemv recorded=1 gpu_ms=0.00416
  layer=19 kind=attention family=attention stage=6 batch=B4 kernel=batched4_gemv recorded=1 gpu_ms=0.012
  layer=19 kind=attention family=attention_output_projection stage=7 batch=B4 kernel=batched4_gemv recorded=1 gpu_ms=0.171521
  layer=19 kind=attention family=residual_post_norm stage=8 batch=B4 kernel=batched4_gemv recorded=0 gpu_ms=0
  layer=19 kind=attention family=post_normalization stage=9 batch=B4 kernel=batched4_gemv recorded=0 gpu_ms=0
  layer=19 kind=attention family=ffn_gate_up_projection stage=10 batch=B4 kernel=batched4_gemv recorded=0 gpu_ms=0
  layer=19 kind=attention family=swiglu stage=11 batch=B4 kernel=batched4_gemv recorded=0 gpu_ms=0
  layer=19 kind=attention family=ffn_down_projection stage=12 batch=B4 kernel=batched4_gemv recorded=0 gpu_ms=0
  layer=19 kind=attention family=residual stage=13 batch=B4 kernel=batched4_gemv recorded=0 gpu_ms=0
  layer=19 kind=attention family=residual stage=14 batch=B4 kernel=batched4_gemv recorded=0 gpu_ms=0
  layer=19 kind=attention family=deferred_prefill_tail batch=B4 kernel=batched4_gemv gpu_ms=13.0159 total_ms=13.2322
  layer=20 kind=recurrent family=normalization stage=0 batch=B4 kernel=batched4_gemv recorded=1 gpu_ms=0.00416
  layer=20 kind=recurrent family=qkv_projection stage=1 batch=B4 kernel=batched4_gemv recorded=1 gpu_ms=0.004
  layer=20 kind=recurrent family=gate_projection stage=2 batch=B4 kernel=batched4_gemv recorded=1 gpu_ms=0.00416
  layer=20 kind=recurrent family=recurrent_parameter_projection stage=3 batch=B4 kernel=batched4_gemv recorded=1 gpu_ms=0.02192
  layer=20 kind=recurrent family=conv_and_head_norm stage=4 batch=B4 kernel=batched4_gemv recorded=1 gpu_ms=0.01616
  layer=20 kind=recurrent family=gdn_scan stage=5 batch=B4 kernel=batched4_gemv recorded=1 gpu_ms=0.00896
  layer=20 kind=recurrent family=recurrent_gate stage=6 batch=B4 kernel=batched4_gemv recorded=0 gpu_ms=0
  layer=20 kind=recurrent family=ssm_output_projection stage=7 batch=B4 kernel=batched4_gemv recorded=0 gpu_ms=0
  layer=20 kind=recurrent family=residual_post_norm stage=8 batch=B4 kernel=batched4_gemv recorded=0 gpu_ms=0
  layer=20 kind=recurrent family=post_normalization stage=9 batch=B4 kernel=batched4_gemv recorded=0 gpu_ms=0
  layer=20 kind=recurrent family=ffn_gate_up_projection stage=10 batch=B4 kernel=batched4_gemv recorded=0 gpu_ms=0
  layer=20 kind=recurrent family=swiglu stage=11 batch=B4 kernel=batched4_gemv recorded=0 gpu_ms=0
  layer=20 kind=recurrent family=ffn_down_projection stage=12 batch=B4 kernel=batched4_gemv recorded=0 gpu_ms=0
  layer=20 kind=recurrent family=residual stage=13 batch=B4 kernel=batched4_gemv recorded=0 gpu_ms=0
  layer=20 kind=recurrent family=deferred_prefill_tail batch=B4 kernel=batched4_gemv gpu_ms=16.0447 total_ms=16.1041
  layer=21 kind=recurrent family=normalization stage=0 batch=B4 kernel=batched4_gemv recorded=1 gpu_ms=0.004
  layer=21 kind=recurrent family=qkv_projection stage=1 batch=B4 kernel=batched4_gemv recorded=1 gpu_ms=0.004
  layer=21 kind=recurrent family=gate_projection stage=2 batch=B4 kernel=batched4_gemv recorded=1 gpu_ms=0.004
  layer=21 kind=recurrent family=recurrent_parameter_projection stage=3 batch=B4 kernel=batched4_gemv recorded=1 gpu_ms=0.027521
  layer=21 kind=recurrent family=conv_and_head_norm stage=4 batch=B4 kernel=batched4_gemv recorded=1 gpu_ms=0.01632
  layer=21 kind=recurrent family=gdn_scan stage=5 batch=B4 kernel=batched4_gemv recorded=1 gpu_ms=0.0088
  layer=21 kind=recurrent family=recurrent_gate stage=6 batch=B4 kernel=batched4_gemv recorded=0 gpu_ms=0
  layer=21 kind=recurrent family=ssm_output_projection stage=7 batch=B4 kernel=batched4_gemv recorded=0 gpu_ms=0
  layer=21 kind=recurrent family=residual_post_norm stage=8 batch=B4 kernel=batched4_gemv recorded=0 gpu_ms=0
  layer=21 kind=recurrent family=post_normalization stage=9 batch=B4 kernel=batched4_gemv recorded=0 gpu_ms=0
  layer=21 kind=recurrent family=ffn_gate_up_projection stage=10 batch=B4 kernel=batched4_gemv recorded=0 gpu_ms=0
  layer=21 kind=recurrent family=swiglu stage=11 batch=B4 kernel=batched4_gemv recorded=0 gpu_ms=0
  layer=21 kind=recurrent family=ffn_down_projection stage=12 batch=B4 kernel=batched4_gemv recorded=0 gpu_ms=0
  layer=21 kind=recurrent family=residual stage=13 batch=B4 kernel=batched4_gemv recorded=0 gpu_ms=0
  layer=21 kind=recurrent family=deferred_prefill_tail batch=B4 kernel=batched4_gemv gpu_ms=16.038 total_ms=16.1026
  layer=22 kind=recurrent family=normalization stage=0 batch=B4 kernel=batched4_gemv recorded=1 gpu_ms=0.004
  layer=22 kind=recurrent family=qkv_projection stage=1 batch=B4 kernel=batched4_gemv recorded=1 gpu_ms=0.00416
  layer=22 kind=recurrent family=gate_projection stage=2 batch=B4 kernel=batched4_gemv recorded=1 gpu_ms=0.00416
  layer=22 kind=recurrent family=recurrent_parameter_projection stage=3 batch=B4 kernel=batched4_gemv recorded=1 gpu_ms=0.02144
  layer=22 kind=recurrent family=conv_and_head_norm stage=4 batch=B4 kernel=batched4_gemv recorded=1 gpu_ms=0.01632
  layer=22 kind=recurrent family=gdn_scan stage=5 batch=B4 kernel=batched4_gemv recorded=1 gpu_ms=0.00864
  layer=22 kind=recurrent family=recurrent_gate stage=6 batch=B4 kernel=batched4_gemv recorded=0 gpu_ms=0
  layer=22 kind=recurrent family=ssm_output_projection stage=7 batch=B4 kernel=batched4_gemv recorded=0 gpu_ms=0
  layer=22 kind=recurrent family=residual_post_norm stage=8 batch=B4 kernel=batched4_gemv recorded=0 gpu_ms=0
  layer=22 kind=recurrent family=post_normalization stage=9 batch=B4 kernel=batched4_gemv recorded=0 gpu_ms=0
  layer=22 kind=recurrent family=ffn_gate_up_projection stage=10 batch=B4 kernel=batched4_gemv recorded=0 gpu_ms=0
  layer=22 kind=recurrent family=swiglu stage=11 batch=B4 kernel=batched4_gemv recorded=0 gpu_ms=0
  layer=22 kind=recurrent family=ffn_down_projection stage=12 batch=B4 kernel=batched4_gemv recorded=0 gpu_ms=0
  layer=22 kind=recurrent family=residual stage=13 batch=B4 kernel=batched4_gemv recorded=0 gpu_ms=0
  layer=22 kind=recurrent family=deferred_prefill_tail batch=B4 kernel=batched4_gemv gpu_ms=15.2396 total_ms=15.2983
  layer=23 kind=attention family=normalization stage=0 batch=B4 kernel=batched4_gemv recorded=1 gpu_ms=0.00416
  layer=23 kind=attention family=q_projection stage=1 batch=B4 kernel=batched4_gemv recorded=1 gpu_ms=0.00416
  layer=23 kind=attention family=query_norm_rope stage=2 batch=B4 kernel=batched4_gemv recorded=1 gpu_ms=0.01216
  layer=23 kind=attention family=k_projection stage=3 batch=B4 kernel=batched4_gemv recorded=1 gpu_ms=0.004
  layer=23 kind=attention family=v_projection stage=4 batch=B4 kernel=batched4_gemv recorded=1 gpu_ms=0.00416
  layer=23 kind=attention family=kv_store stage=5 batch=B4 kernel=batched4_gemv recorded=1 gpu_ms=0.00416
  layer=23 kind=attention family=attention stage=6 batch=B4 kernel=batched4_gemv recorded=1 gpu_ms=0.01216
  layer=23 kind=attention family=attention_output_projection stage=7 batch=B4 kernel=batched4_gemv recorded=1 gpu_ms=0.17168
  layer=23 kind=attention family=residual_post_norm stage=8 batch=B4 kernel=batched4_gemv recorded=0 gpu_ms=0
  layer=23 kind=attention family=post_normalization stage=9 batch=B4 kernel=batched4_gemv recorded=0 gpu_ms=0
  layer=23 kind=attention family=ffn_gate_up_projection stage=10 batch=B4 kernel=batched4_gemv recorded=0 gpu_ms=0
  layer=23 kind=attention family=swiglu stage=11 batch=B4 kernel=batched4_gemv recorded=0 gpu_ms=0
  layer=23 kind=attention family=ffn_down_projection stage=12 batch=B4 kernel=batched4_gemv recorded=0 gpu_ms=0
  layer=23 kind=attention family=residual stage=13 batch=B4 kernel=batched4_gemv recorded=0 gpu_ms=0
  layer=23 kind=attention family=residual stage=14 batch=B4 kernel=batched4_gemv recorded=0 gpu_ms=0
  layer=23 kind=attention family=deferred_prefill_tail batch=B4 kernel=batched4_gemv gpu_ms=13.8148 total_ms=14.0314
  layer=24 kind=recurrent family=normalization stage=0 batch=B4 kernel=batched4_gemv recorded=1 gpu_ms=0.00416
  layer=24 kind=recurrent family=qkv_projection stage=1 batch=B4 kernel=batched4_gemv recorded=1 gpu_ms=0.004
  layer=24 kind=recurrent family=gate_projection stage=2 batch=B4 kernel=batched4_gemv recorded=1 gpu_ms=0.004
  layer=24 kind=recurrent family=recurrent_parameter_projection stage=3 batch=B4 kernel=batched4_gemv recorded=1 gpu_ms=0.02208
  layer=24 kind=recurrent family=conv_and_head_norm stage=4 batch=B4 kernel=batched4_gemv recorded=1 gpu_ms=0.016
  layer=24 kind=recurrent family=gdn_scan stage=5 batch=B4 kernel=batched4_gemv recorded=1 gpu_ms=0.0088
  layer=24 kind=recurrent family=recurrent_gate stage=6 batch=B4 kernel=batched4_gemv recorded=0 gpu_ms=0
  layer=24 kind=recurrent family=ssm_output_projection stage=7 batch=B4 kernel=batched4_gemv recorded=0 gpu_ms=0
  layer=24 kind=recurrent family=residual_post_norm stage=8 batch=B4 kernel=batched4_gemv recorded=0 gpu_ms=0
  layer=24 kind=recurrent family=post_normalization stage=9 batch=B4 kernel=batched4_gemv recorded=0 gpu_ms=0
  layer=24 kind=recurrent family=ffn_gate_up_projection stage=10 batch=B4 kernel=batched4_gemv recorded=0 gpu_ms=0
  layer=24 kind=recurrent family=swiglu stage=11 batch=B4 kernel=batched4_gemv recorded=0 gpu_ms=0
  layer=24 kind=recurrent family=ffn_down_projection stage=12 batch=B4 kernel=batched4_gemv recorded=0 gpu_ms=0
  layer=24 kind=recurrent family=residual stage=13 batch=B4 kernel=batched4_gemv recorded=0 gpu_ms=0
  layer=24 kind=recurrent family=deferred_prefill_tail batch=B4 kernel=batched4_gemv gpu_ms=16.0434 total_ms=16.1025
  layer=25 kind=recurrent family=normalization stage=0 batch=B4 kernel=batched4_gemv recorded=1 gpu_ms=0.004
  layer=25 kind=recurrent family=qkv_projection stage=1 batch=B4 kernel=batched4_gemv recorded=1 gpu_ms=0.004
  layer=25 kind=recurrent family=gate_projection stage=2 batch=B4 kernel=batched4_gemv recorded=1 gpu_ms=0.00416
  layer=25 kind=recurrent family=recurrent_parameter_projection stage=3 batch=B4 kernel=batched4_gemv recorded=1 gpu_ms=0.02176
  layer=25 kind=recurrent family=conv_and_head_norm stage=4 batch=B4 kernel=batched4_gemv recorded=1 gpu_ms=0.01616
  layer=25 kind=recurrent family=gdn_scan stage=5 batch=B4 kernel=batched4_gemv recorded=1 gpu_ms=0.00912
  layer=25 kind=recurrent family=recurrent_gate stage=6 batch=B4 kernel=batched4_gemv recorded=0 gpu_ms=0
  layer=25 kind=recurrent family=ssm_output_projection stage=7 batch=B4 kernel=batched4_gemv recorded=0 gpu_ms=0
  layer=25 kind=recurrent family=residual_post_norm stage=8 batch=B4 kernel=batched4_gemv recorded=0 gpu_ms=0
  layer=25 kind=recurrent family=post_normalization stage=9 batch=B4 kernel=batched4_gemv recorded=0 gpu_ms=0
  layer=25 kind=recurrent family=ffn_gate_up_projection stage=10 batch=B4 kernel=batched4_gemv recorded=0 gpu_ms=0
  layer=25 kind=recurrent family=swiglu stage=11 batch=B4 kernel=batched4_gemv recorded=0 gpu_ms=0
  layer=25 kind=recurrent family=ffn_down_projection stage=12 batch=B4 kernel=batched4_gemv recorded=0 gpu_ms=0
  layer=25 kind=recurrent family=residual stage=13 batch=B4 kernel=batched4_gemv recorded=0 gpu_ms=0
  layer=25 kind=recurrent family=deferred_prefill_tail batch=B4 kernel=batched4_gemv gpu_ms=15.2673 total_ms=15.3265
  layer=26 kind=recurrent family=normalization stage=0 batch=B4 kernel=batched4_gemv recorded=1 gpu_ms=0.004
  layer=26 kind=recurrent family=qkv_projection stage=1 batch=B4 kernel=batched4_gemv recorded=1 gpu_ms=0.00416
  layer=26 kind=recurrent family=gate_projection stage=2 batch=B4 kernel=batched4_gemv recorded=1 gpu_ms=0.004
  layer=26 kind=recurrent family=recurrent_parameter_projection stage=3 batch=B4 kernel=batched4_gemv recorded=1 gpu_ms=0.02192
  layer=26 kind=recurrent family=conv_and_head_norm stage=4 batch=B4 kernel=batched4_gemv recorded=1 gpu_ms=0.01616
  layer=26 kind=recurrent family=gdn_scan stage=5 batch=B4 kernel=batched4_gemv recorded=1 gpu_ms=0.00896
  layer=26 kind=recurrent family=recurrent_gate stage=6 batch=B4 kernel=batched4_gemv recorded=0 gpu_ms=0
  layer=26 kind=recurrent family=ssm_output_projection stage=7 batch=B4 kernel=batched4_gemv recorded=0 gpu_ms=0
  layer=26 kind=recurrent family=residual_post_norm stage=8 batch=B4 kernel=batched4_gemv recorded=0 gpu_ms=0
  layer=26 kind=recurrent family=post_normalization stage=9 batch=B4 kernel=batched4_gemv recorded=0 gpu_ms=0
  layer=26 kind=recurrent family=ffn_gate_up_projection stage=10 batch=B4 kernel=batched4_gemv recorded=0 gpu_ms=0
  layer=26 kind=recurrent family=swiglu stage=11 batch=B4 kernel=batched4_gemv recorded=0 gpu_ms=0
  layer=26 kind=recurrent family=ffn_down_projection stage=12 batch=B4 kernel=batched4_gemv recorded=0 gpu_ms=0
  layer=26 kind=recurrent family=residual stage=13 batch=B4 kernel=batched4_gemv recorded=0 gpu_ms=0
  layer=26 kind=recurrent family=deferred_prefill_tail batch=B4 kernel=batched4_gemv gpu_ms=16.0365 total_ms=16.0957
  layer=27 kind=attention family=normalization stage=0 batch=B4 kernel=batched4_gemv recorded=1 gpu_ms=0.00416
  layer=27 kind=attention family=q_projection stage=1 batch=B4 kernel=batched4_gemv recorded=1 gpu_ms=0.00416
  layer=27 kind=attention family=query_norm_rope stage=2 batch=B4 kernel=batched4_gemv recorded=1 gpu_ms=0.01232
  layer=27 kind=attention family=k_projection stage=3 batch=B4 kernel=batched4_gemv recorded=1 gpu_ms=0.00416
  layer=27 kind=attention family=v_projection stage=4 batch=B4 kernel=batched4_gemv recorded=1 gpu_ms=0.00416
  layer=27 kind=attention family=kv_store stage=5 batch=B4 kernel=batched4_gemv recorded=1 gpu_ms=0.004
  layer=27 kind=attention family=attention stage=6 batch=B4 kernel=batched4_gemv recorded=1 gpu_ms=0.01184
  layer=27 kind=attention family=attention_output_projection stage=7 batch=B4 kernel=batched4_gemv recorded=1 gpu_ms=0.17248
  layer=27 kind=attention family=residual_post_norm stage=8 batch=B4 kernel=batched4_gemv recorded=0 gpu_ms=0
  layer=27 kind=attention family=post_normalization stage=9 batch=B4 kernel=batched4_gemv recorded=0 gpu_ms=0
  layer=27 kind=attention family=ffn_gate_up_projection stage=10 batch=B4 kernel=batched4_gemv recorded=0 gpu_ms=0
  layer=27 kind=attention family=swiglu stage=11 batch=B4 kernel=batched4_gemv recorded=0 gpu_ms=0
  layer=27 kind=attention family=ffn_down_projection stage=12 batch=B4 kernel=batched4_gemv recorded=0 gpu_ms=0
  layer=27 kind=attention family=residual stage=13 batch=B4 kernel=batched4_gemv recorded=0 gpu_ms=0
  layer=27 kind=attention family=residual stage=14 batch=B4 kernel=batched4_gemv recorded=0 gpu_ms=0
  layer=27 kind=attention family=deferred_prefill_tail batch=B4 kernel=batched4_gemv gpu_ms=13.8039 total_ms=14.0212
  layer=28 kind=recurrent family=normalization stage=0 batch=B4 kernel=batched4_gemv recorded=1 gpu_ms=0.004
  layer=28 kind=recurrent family=qkv_projection stage=1 batch=B4 kernel=batched4_gemv recorded=1 gpu_ms=0.00416
  layer=28 kind=recurrent family=gate_projection stage=2 batch=B4 kernel=batched4_gemv recorded=1 gpu_ms=0.00416
  layer=28 kind=recurrent family=recurrent_parameter_projection stage=3 batch=B4 kernel=batched4_gemv recorded=1 gpu_ms=0.021761
  layer=28 kind=recurrent family=conv_and_head_norm stage=4 batch=B4 kernel=batched4_gemv recorded=1 gpu_ms=0.01616
  layer=28 kind=recurrent family=gdn_scan stage=5 batch=B4 kernel=batched4_gemv recorded=1 gpu_ms=0.0088
  layer=28 kind=recurrent family=recurrent_gate stage=6 batch=B4 kernel=batched4_gemv recorded=0 gpu_ms=0
  layer=28 kind=recurrent family=ssm_output_projection stage=7 batch=B4 kernel=batched4_gemv recorded=0 gpu_ms=0
  layer=28 kind=recurrent family=residual_post_norm stage=8 batch=B4 kernel=batched4_gemv recorded=0 gpu_ms=0
  layer=28 kind=recurrent family=post_normalization stage=9 batch=B4 kernel=batched4_gemv recorded=0 gpu_ms=0
  layer=28 kind=recurrent family=ffn_gate_up_projection stage=10 batch=B4 kernel=batched4_gemv recorded=0 gpu_ms=0
  layer=28 kind=recurrent family=swiglu stage=11 batch=B4 kernel=batched4_gemv recorded=0 gpu_ms=0
  layer=28 kind=recurrent family=ffn_down_projection stage=12 batch=B4 kernel=batched4_gemv recorded=0 gpu_ms=0
  layer=28 kind=recurrent family=residual stage=13 batch=B4 kernel=batched4_gemv recorded=0 gpu_ms=0
  layer=28 kind=recurrent family=deferred_prefill_tail batch=B4 kernel=batched4_gemv gpu_ms=15.2186 total_ms=15.2777
  layer=29 kind=recurrent family=normalization stage=0 batch=B4 kernel=batched4_gemv recorded=1 gpu_ms=0.00416
  layer=29 kind=recurrent family=qkv_projection stage=1 batch=B4 kernel=batched4_gemv recorded=1 gpu_ms=0.00416
  layer=29 kind=recurrent family=gate_projection stage=2 batch=B4 kernel=batched4_gemv recorded=1 gpu_ms=0.00416
  layer=29 kind=recurrent family=recurrent_parameter_projection stage=3 batch=B4 kernel=batched4_gemv recorded=1 gpu_ms=0.0216
  layer=29 kind=recurrent family=conv_and_head_norm stage=4 batch=B4 kernel=batched4_gemv recorded=1 gpu_ms=0.01616
  layer=29 kind=recurrent family=gdn_scan stage=5 batch=B4 kernel=batched4_gemv recorded=1 gpu_ms=0.00928
  layer=29 kind=recurrent family=recurrent_gate stage=6 batch=B4 kernel=batched4_gemv recorded=0 gpu_ms=0
  layer=29 kind=recurrent family=ssm_output_projection stage=7 batch=B4 kernel=batched4_gemv recorded=0 gpu_ms=0
  layer=29 kind=recurrent family=residual_post_norm stage=8 batch=B4 kernel=batched4_gemv recorded=0 gpu_ms=0
  layer=29 kind=recurrent family=post_normalization stage=9 batch=B4 kernel=batched4_gemv recorded=0 gpu_ms=0
  layer=29 kind=recurrent family=ffn_gate_up_projection stage=10 batch=B4 kernel=batched4_gemv recorded=0 gpu_ms=0
  layer=29 kind=recurrent family=swiglu stage=11 batch=B4 kernel=batched4_gemv recorded=0 gpu_ms=0
  layer=29 kind=recurrent family=ffn_down_projection stage=12 batch=B4 kernel=batched4_gemv recorded=0 gpu_ms=0
  layer=29 kind=recurrent family=residual stage=13 batch=B4 kernel=batched4_gemv recorded=0 gpu_ms=0
  layer=29 kind=recurrent family=deferred_prefill_tail batch=B4 kernel=batched4_gemv gpu_ms=16.0001 total_ms=16.0596
  layer=30 kind=recurrent family=normalization stage=0 batch=B4 kernel=batched4_gemv recorded=1 gpu_ms=0.004
  layer=30 kind=recurrent family=qkv_projection stage=1 batch=B4 kernel=batched4_gemv recorded=1 gpu_ms=0.00416
  layer=30 kind=recurrent family=gate_projection stage=2 batch=B4 kernel=batched4_gemv recorded=1 gpu_ms=0.004
  layer=30 kind=recurrent family=recurrent_parameter_projection stage=3 batch=B4 kernel=batched4_gemv recorded=1 gpu_ms=0.02192
  layer=30 kind=recurrent family=conv_and_head_norm stage=4 batch=B4 kernel=batched4_gemv recorded=1 gpu_ms=0.01648
  layer=30 kind=recurrent family=gdn_scan stage=5 batch=B4 kernel=batched4_gemv recorded=1 gpu_ms=0.00928
  layer=30 kind=recurrent family=recurrent_gate stage=6 batch=B4 kernel=batched4_gemv recorded=0 gpu_ms=0
  layer=30 kind=recurrent family=ssm_output_projection stage=7 batch=B4 kernel=batched4_gemv recorded=0 gpu_ms=0
  layer=30 kind=recurrent family=residual_post_norm stage=8 batch=B4 kernel=batched4_gemv recorded=0 gpu_ms=0
  layer=30 kind=recurrent family=post_normalization stage=9 batch=B4 kernel=batched4_gemv recorded=0 gpu_ms=0
  layer=30 kind=recurrent family=ffn_gate_up_projection stage=10 batch=B4 kernel=batched4_gemv recorded=0 gpu_ms=0
  layer=30 kind=recurrent family=swiglu stage=11 batch=B4 kernel=batched4_gemv recorded=0 gpu_ms=0
  layer=30 kind=recurrent family=ffn_down_projection stage=12 batch=B4 kernel=batched4_gemv recorded=0 gpu_ms=0
  layer=30 kind=recurrent family=residual stage=13 batch=B4 kernel=batched4_gemv recorded=0 gpu_ms=0
  layer=30 kind=recurrent family=deferred_prefill_tail batch=B4 kernel=batched4_gemv gpu_ms=16.0188 total_ms=16.0786
  layer=31 kind=attention family=normalization stage=0 batch=B4 kernel=batched4_gemv recorded=1 gpu_ms=0.004
  layer=31 kind=attention family=q_projection stage=1 batch=B4 kernel=batched4_gemv recorded=1 gpu_ms=0.004
  layer=31 kind=attention family=query_norm_rope stage=2 batch=B4 kernel=batched4_gemv recorded=1 gpu_ms=0.01216
  layer=31 kind=attention family=k_projection stage=3 batch=B4 kernel=batched4_gemv recorded=1 gpu_ms=0.00416
  layer=31 kind=attention family=v_projection stage=4 batch=B4 kernel=batched4_gemv recorded=1 gpu_ms=0.00416
  layer=31 kind=attention family=kv_store stage=5 batch=B4 kernel=batched4_gemv recorded=1 gpu_ms=0.00416
  layer=31 kind=attention family=attention stage=6 batch=B4 kernel=batched4_gemv recorded=1 gpu_ms=0.012
  layer=31 kind=attention family=attention_output_projection stage=7 batch=B4 kernel=batched4_gemv recorded=1 gpu_ms=0.171201
  layer=31 kind=attention family=residual_post_norm stage=8 batch=B4 kernel=batched4_gemv recorded=0 gpu_ms=0
  layer=31 kind=attention family=post_normalization stage=9 batch=B4 kernel=batched4_gemv recorded=0 gpu_ms=0
  layer=31 kind=attention family=ffn_gate_up_projection stage=10 batch=B4 kernel=batched4_gemv recorded=0 gpu_ms=0
  layer=31 kind=attention family=swiglu stage=11 batch=B4 kernel=batched4_gemv recorded=0 gpu_ms=0
  layer=31 kind=attention family=ffn_down_projection stage=12 batch=B4 kernel=batched4_gemv recorded=0 gpu_ms=0
  layer=31 kind=attention family=residual stage=13 batch=B4 kernel=batched4_gemv recorded=0 gpu_ms=0
  layer=31 kind=attention family=residual stage=14 batch=B4 kernel=batched4_gemv recorded=0 gpu_ms=0
  layer=31 kind=attention family=deferred_prefill_tail batch=B4 kernel=batched4_gemv gpu_ms=13.0034 total_ms=13.2192
  layer=32 kind=recurrent family=normalization stage=0 batch=B4 kernel=batched4_gemv recorded=1 gpu_ms=0.004
  layer=32 kind=recurrent family=qkv_projection stage=1 batch=B4 kernel=batched4_gemv recorded=1 gpu_ms=0.00416
  layer=32 kind=recurrent family=gate_projection stage=2 batch=B4 kernel=batched4_gemv recorded=1 gpu_ms=0.00416
  layer=32 kind=recurrent family=recurrent_parameter_projection stage=3 batch=B4 kernel=batched4_gemv recorded=1 gpu_ms=0.02192
  layer=32 kind=recurrent family=conv_and_head_norm stage=4 batch=B4 kernel=batched4_gemv recorded=1 gpu_ms=0.01616
  layer=32 kind=recurrent family=gdn_scan stage=5 batch=B4 kernel=batched4_gemv recorded=1 gpu_ms=0.00912
  layer=32 kind=recurrent family=recurrent_gate stage=6 batch=B4 kernel=batched4_gemv recorded=0 gpu_ms=0
  layer=32 kind=recurrent family=ssm_output_projection stage=7 batch=B4 kernel=batched4_gemv recorded=0 gpu_ms=0
  layer=32 kind=recurrent family=residual_post_norm stage=8 batch=B4 kernel=batched4_gemv recorded=0 gpu_ms=0
  layer=32 kind=recurrent family=post_normalization stage=9 batch=B4 kernel=batched4_gemv recorded=0 gpu_ms=0
  layer=32 kind=recurrent family=ffn_gate_up_projection stage=10 batch=B4 kernel=batched4_gemv recorded=0 gpu_ms=0
  layer=32 kind=recurrent family=swiglu stage=11 batch=B4 kernel=batched4_gemv recorded=0 gpu_ms=0
  layer=32 kind=recurrent family=ffn_down_projection stage=12 batch=B4 kernel=batched4_gemv recorded=0 gpu_ms=0
  layer=32 kind=recurrent family=residual stage=13 batch=B4 kernel=batched4_gemv recorded=0 gpu_ms=0
  layer=32 kind=recurrent family=deferred_prefill_tail batch=B4 kernel=batched4_gemv gpu_ms=16.0418 total_ms=16.1013
  layer=33 kind=recurrent family=normalization stage=0 batch=B4 kernel=batched4_gemv recorded=1 gpu_ms=0.004
  layer=33 kind=recurrent family=qkv_projection stage=1 batch=B4 kernel=batched4_gemv recorded=1 gpu_ms=0.004
  layer=33 kind=recurrent family=gate_projection stage=2 batch=B4 kernel=batched4_gemv recorded=1 gpu_ms=0.004
  layer=33 kind=recurrent family=recurrent_parameter_projection stage=3 batch=B4 kernel=batched4_gemv recorded=1 gpu_ms=0.02208
  layer=33 kind=recurrent family=conv_and_head_norm stage=4 batch=B4 kernel=batched4_gemv recorded=1 gpu_ms=0.01664
  layer=33 kind=recurrent family=gdn_scan stage=5 batch=B4 kernel=batched4_gemv recorded=1 gpu_ms=0.0088
  layer=33 kind=recurrent family=recurrent_gate stage=6 batch=B4 kernel=batched4_gemv recorded=0 gpu_ms=0
  layer=33 kind=recurrent family=ssm_output_projection stage=7 batch=B4 kernel=batched4_gemv recorded=0 gpu_ms=0
  layer=33 kind=recurrent family=residual_post_norm stage=8 batch=B4 kernel=batched4_gemv recorded=0 gpu_ms=0
  layer=33 kind=recurrent family=post_normalization stage=9 batch=B4 kernel=batched4_gemv recorded=0 gpu_ms=0
  layer=33 kind=recurrent family=ffn_gate_up_projection stage=10 batch=B4 kernel=batched4_gemv recorded=0 gpu_ms=0
  layer=33 kind=recurrent family=swiglu stage=11 batch=B4 kernel=batched4_gemv recorded=0 gpu_ms=0
  layer=33 kind=recurrent family=ffn_down_projection stage=12 batch=B4 kernel=batched4_gemv recorded=0 gpu_ms=0
  layer=33 kind=recurrent family=residual stage=13 batch=B4 kernel=batched4_gemv recorded=0 gpu_ms=0
  layer=33 kind=recurrent family=deferred_prefill_tail batch=B4 kernel=batched4_gemv gpu_ms=16.0239 total_ms=16.0834
  layer=34 kind=recurrent family=normalization stage=0 batch=B4 kernel=batched4_gemv recorded=1 gpu_ms=0.004
  layer=34 kind=recurrent family=qkv_projection stage=1 batch=B4 kernel=batched4_gemv recorded=1 gpu_ms=0.004
  layer=34 kind=recurrent family=gate_projection stage=2 batch=B4 kernel=batched4_gemv recorded=1 gpu_ms=0.004
  layer=34 kind=recurrent family=recurrent_parameter_projection stage=3 batch=B4 kernel=batched4_gemv recorded=1 gpu_ms=0.02208
  layer=34 kind=recurrent family=conv_and_head_norm stage=4 batch=B4 kernel=batched4_gemv recorded=1 gpu_ms=0.01632
  layer=34 kind=recurrent family=gdn_scan stage=5 batch=B4 kernel=batched4_gemv recorded=1 gpu_ms=0.00896
  layer=34 kind=recurrent family=recurrent_gate stage=6 batch=B4 kernel=batched4_gemv recorded=0 gpu_ms=0
  layer=34 kind=recurrent family=ssm_output_projection stage=7 batch=B4 kernel=batched4_gemv recorded=0 gpu_ms=0
  layer=34 kind=recurrent family=residual_post_norm stage=8 batch=B4 kernel=batched4_gemv recorded=0 gpu_ms=0
  layer=34 kind=recurrent family=post_normalization stage=9 batch=B4 kernel=batched4_gemv recorded=0 gpu_ms=0
  layer=34 kind=recurrent family=ffn_gate_up_projection stage=10 batch=B4 kernel=batched4_gemv recorded=0 gpu_ms=0
  layer=34 kind=recurrent family=swiglu stage=11 batch=B4 kernel=batched4_gemv recorded=0 gpu_ms=0
  layer=34 kind=recurrent family=ffn_down_projection stage=12 batch=B4 kernel=batched4_gemv recorded=0 gpu_ms=0
  layer=34 kind=recurrent family=residual stage=13 batch=B4 kernel=batched4_gemv recorded=0 gpu_ms=0
  layer=34 kind=recurrent family=deferred_prefill_tail batch=B4 kernel=batched4_gemv gpu_ms=15.2393 total_ms=15.2986
  layer=35 kind=attention family=normalization stage=0 batch=B4 kernel=batched4_gemv recorded=1 gpu_ms=0.00416
  layer=35 kind=attention family=q_projection stage=1 batch=B4 kernel=batched4_gemv recorded=1 gpu_ms=0.004
  layer=35 kind=attention family=query_norm_rope stage=2 batch=B4 kernel=batched4_gemv recorded=1 gpu_ms=0.01184
  layer=35 kind=attention family=k_projection stage=3 batch=B4 kernel=batched4_gemv recorded=1 gpu_ms=0.00416
  layer=35 kind=attention family=v_projection stage=4 batch=B4 kernel=batched4_gemv recorded=1 gpu_ms=0.004
  layer=35 kind=attention family=kv_store stage=5 batch=B4 kernel=batched4_gemv recorded=1 gpu_ms=0.00416
  layer=35 kind=attention family=attention stage=6 batch=B4 kernel=batched4_gemv recorded=1 gpu_ms=0.01216
  layer=35 kind=attention family=attention_output_projection stage=7 batch=B4 kernel=batched4_gemv recorded=1 gpu_ms=0.1696
  layer=35 kind=attention family=residual_post_norm stage=8 batch=B4 kernel=batched4_gemv recorded=0 gpu_ms=0
  layer=35 kind=attention family=post_normalization stage=9 batch=B4 kernel=batched4_gemv recorded=0 gpu_ms=0
  layer=35 kind=attention family=ffn_gate_up_projection stage=10 batch=B4 kernel=batched4_gemv recorded=0 gpu_ms=0
  layer=35 kind=attention family=swiglu stage=11 batch=B4 kernel=batched4_gemv recorded=0 gpu_ms=0
  layer=35 kind=attention family=ffn_down_projection stage=12 batch=B4 kernel=batched4_gemv recorded=0 gpu_ms=0
  layer=35 kind=attention family=residual stage=13 batch=B4 kernel=batched4_gemv recorded=0 gpu_ms=0
  layer=35 kind=attention family=residual stage=14 batch=B4 kernel=batched4_gemv recorded=0 gpu_ms=0
  layer=35 kind=attention family=deferred_prefill_tail batch=B4 kernel=batched4_gemv gpu_ms=13.81 total_ms=14.024
  layer=36 kind=recurrent family=normalization stage=0 batch=B4 kernel=batched4_gemv recorded=1 gpu_ms=0.004
  layer=36 kind=recurrent family=qkv_projection stage=1 batch=B4 kernel=batched4_gemv recorded=1 gpu_ms=0.004
  layer=36 kind=recurrent family=gate_projection stage=2 batch=B4 kernel=batched4_gemv recorded=1 gpu_ms=0.00416
  layer=36 kind=recurrent family=recurrent_parameter_projection stage=3 batch=B4 kernel=batched4_gemv recorded=1 gpu_ms=0.021761
  layer=36 kind=recurrent family=conv_and_head_norm stage=4 batch=B4 kernel=batched4_gemv recorded=1 gpu_ms=0.0216
  layer=36 kind=recurrent family=gdn_scan stage=5 batch=B4 kernel=batched4_gemv recorded=1 gpu_ms=0.0088
  layer=36 kind=recurrent family=recurrent_gate stage=6 batch=B4 kernel=batched4_gemv recorded=0 gpu_ms=0
  layer=36 kind=recurrent family=ssm_output_projection stage=7 batch=B4 kernel=batched4_gemv recorded=0 gpu_ms=0
  layer=36 kind=recurrent family=residual_post_norm stage=8 batch=B4 kernel=batched4_gemv recorded=0 gpu_ms=0
  layer=36 kind=recurrent family=post_normalization stage=9 batch=B4 kernel=batched4_gemv recorded=0 gpu_ms=0
  layer=36 kind=recurrent family=ffn_gate_up_projection stage=10 batch=B4 kernel=batched4_gemv recorded=0 gpu_ms=0
  layer=36 kind=recurrent family=swiglu stage=11 batch=B4 kernel=batched4_gemv recorded=0 gpu_ms=0
  layer=36 kind=recurrent family=ffn_down_projection stage=12 batch=B4 kernel=batched4_gemv recorded=0 gpu_ms=0
  layer=36 kind=recurrent family=residual stage=13 batch=B4 kernel=batched4_gemv recorded=0 gpu_ms=0
  layer=36 kind=recurrent family=deferred_prefill_tail batch=B4 kernel=batched4_gemv gpu_ms=16.0188 total_ms=16.0831
  layer=37 kind=recurrent family=normalization stage=0 batch=B4 kernel=batched4_gemv recorded=1 gpu_ms=0.004
  layer=37 kind=recurrent family=qkv_projection stage=1 batch=B4 kernel=batched4_gemv recorded=1 gpu_ms=0.004
  layer=37 kind=recurrent family=gate_projection stage=2 batch=B4 kernel=batched4_gemv recorded=1 gpu_ms=0.004
  layer=37 kind=recurrent family=recurrent_parameter_projection stage=3 batch=B4 kernel=batched4_gemv recorded=1 gpu_ms=0.0216
  layer=37 kind=recurrent family=conv_and_head_norm stage=4 batch=B4 kernel=batched4_gemv recorded=1 gpu_ms=0.016
  layer=37 kind=recurrent family=gdn_scan stage=5 batch=B4 kernel=batched4_gemv recorded=1 gpu_ms=0.00912
  layer=37 kind=recurrent family=recurrent_gate stage=6 batch=B4 kernel=batched4_gemv recorded=0 gpu_ms=0
  layer=37 kind=recurrent family=ssm_output_projection stage=7 batch=B4 kernel=batched4_gemv recorded=0 gpu_ms=0
  layer=37 kind=recurrent family=residual_post_norm stage=8 batch=B4 kernel=batched4_gemv recorded=0 gpu_ms=0
  layer=37 kind=recurrent family=post_normalization stage=9 batch=B4 kernel=batched4_gemv recorded=0 gpu_ms=0
  layer=37 kind=recurrent family=ffn_gate_up_projection stage=10 batch=B4 kernel=batched4_gemv recorded=0 gpu_ms=0
  layer=37 kind=recurrent family=swiglu stage=11 batch=B4 kernel=batched4_gemv recorded=0 gpu_ms=0
  layer=37 kind=recurrent family=ffn_down_projection stage=12 batch=B4 kernel=batched4_gemv recorded=0 gpu_ms=0
  layer=37 kind=recurrent family=residual stage=13 batch=B4 kernel=batched4_gemv recorded=0 gpu_ms=0
  layer=37 kind=recurrent family=deferred_prefill_tail batch=B4 kernel=batched4_gemv gpu_ms=15.2436 total_ms=15.3023
  layer=38 kind=recurrent family=normalization stage=0 batch=B4 kernel=batched4_gemv recorded=1 gpu_ms=0.004
  layer=38 kind=recurrent family=qkv_projection stage=1 batch=B4 kernel=batched4_gemv recorded=1 gpu_ms=0.00416
  layer=38 kind=recurrent family=gate_projection stage=2 batch=B4 kernel=batched4_gemv recorded=1 gpu_ms=0.004
  layer=38 kind=recurrent family=recurrent_parameter_projection stage=3 batch=B4 kernel=batched4_gemv recorded=1 gpu_ms=0.0216
  layer=38 kind=recurrent family=conv_and_head_norm stage=4 batch=B4 kernel=batched4_gemv recorded=1 gpu_ms=0.016481
  layer=38 kind=recurrent family=gdn_scan stage=5 batch=B4 kernel=batched4_gemv recorded=1 gpu_ms=0.00864
  layer=38 kind=recurrent family=recurrent_gate stage=6 batch=B4 kernel=batched4_gemv recorded=0 gpu_ms=0
  layer=38 kind=recurrent family=ssm_output_projection stage=7 batch=B4 kernel=batched4_gemv recorded=0 gpu_ms=0
  layer=38 kind=recurrent family=residual_post_norm stage=8 batch=B4 kernel=batched4_gemv recorded=0 gpu_ms=0
  layer=38 kind=recurrent family=post_normalization stage=9 batch=B4 kernel=batched4_gemv recorded=0 gpu_ms=0
  layer=38 kind=recurrent family=ffn_gate_up_projection stage=10 batch=B4 kernel=batched4_gemv recorded=0 gpu_ms=0
  layer=38 kind=recurrent family=swiglu stage=11 batch=B4 kernel=batched4_gemv recorded=0 gpu_ms=0
  layer=38 kind=recurrent family=ffn_down_projection stage=12 batch=B4 kernel=batched4_gemv recorded=0 gpu_ms=0
  layer=38 kind=recurrent family=residual stage=13 batch=B4 kernel=batched4_gemv recorded=0 gpu_ms=0
  layer=38 kind=recurrent family=deferred_prefill_tail batch=B4 kernel=batched4_gemv gpu_ms=16.0425 total_ms=16.1013
  layer=39 kind=attention family=normalization stage=0 batch=B4 kernel=batched4_gemv recorded=1 gpu_ms=0.00432
  layer=39 kind=attention family=q_projection stage=1 batch=B4 kernel=batched4_gemv recorded=1 gpu_ms=0.00416
  layer=39 kind=attention family=query_norm_rope stage=2 batch=B4 kernel=batched4_gemv recorded=1 gpu_ms=0.01216
  layer=39 kind=attention family=k_projection stage=3 batch=B4 kernel=batched4_gemv recorded=1 gpu_ms=0.004
  layer=39 kind=attention family=v_projection stage=4 batch=B4 kernel=batched4_gemv recorded=1 gpu_ms=0.00416
  layer=39 kind=attention family=kv_store stage=5 batch=B4 kernel=batched4_gemv recorded=1 gpu_ms=0.00416
  layer=39 kind=attention family=attention stage=6 batch=B4 kernel=batched4_gemv recorded=1 gpu_ms=0.012
  layer=39 kind=attention family=attention_output_projection stage=7 batch=B4 kernel=batched4_gemv recorded=1 gpu_ms=0.172801
  layer=39 kind=attention family=residual_post_norm stage=8 batch=B4 kernel=batched4_gemv recorded=0 gpu_ms=0
  layer=39 kind=attention family=post_normalization stage=9 batch=B4 kernel=batched4_gemv recorded=0 gpu_ms=0
  layer=39 kind=attention family=ffn_gate_up_projection stage=10 batch=B4 kernel=batched4_gemv recorded=0 gpu_ms=0
  layer=39 kind=attention family=swiglu stage=11 batch=B4 kernel=batched4_gemv recorded=0 gpu_ms=0
  layer=39 kind=attention family=ffn_down_projection stage=12 batch=B4 kernel=batched4_gemv recorded=0 gpu_ms=0
  layer=39 kind=attention family=residual stage=13 batch=B4 kernel=batched4_gemv recorded=0 gpu_ms=0
  layer=39 kind=attention family=residual stage=14 batch=B4 kernel=batched4_gemv recorded=0 gpu_ms=0
  layer=39 kind=attention family=deferred_prefill_tail batch=B4 kernel=batched4_gemv gpu_ms=13.8087 total_ms=14.0265
  layer=40 kind=recurrent family=normalization stage=0 batch=B4 kernel=batched4_gemv recorded=1 gpu_ms=0.004
  layer=40 kind=recurrent family=qkv_projection stage=1 batch=B4 kernel=batched4_gemv recorded=1 gpu_ms=0.00416
  layer=40 kind=recurrent family=gate_projection stage=2 batch=B4 kernel=batched4_gemv recorded=1 gpu_ms=0.00416
  layer=40 kind=recurrent family=recurrent_parameter_projection stage=3 batch=B4 kernel=batched4_gemv recorded=1 gpu_ms=0.02192
  layer=40 kind=recurrent family=conv_and_head_norm stage=4 batch=B4 kernel=batched4_gemv recorded=1 gpu_ms=0.01648
  layer=40 kind=recurrent family=gdn_scan stage=5 batch=B4 kernel=batched4_gemv recorded=1 gpu_ms=0.0088
  layer=40 kind=recurrent family=recurrent_gate stage=6 batch=B4 kernel=batched4_gemv recorded=0 gpu_ms=0
  layer=40 kind=recurrent family=ssm_output_projection stage=7 batch=B4 kernel=batched4_gemv recorded=0 gpu_ms=0
  layer=40 kind=recurrent family=residual_post_norm stage=8 batch=B4 kernel=batched4_gemv recorded=0 gpu_ms=0
  layer=40 kind=recurrent family=post_normalization stage=9 batch=B4 kernel=batched4_gemv recorded=0 gpu_ms=0
  layer=40 kind=recurrent family=ffn_gate_up_projection stage=10 batch=B4 kernel=batched4_gemv recorded=0 gpu_ms=0
  layer=40 kind=recurrent family=swiglu stage=11 batch=B4 kernel=batched4_gemv recorded=0 gpu_ms=0
  layer=40 kind=recurrent family=ffn_down_projection stage=12 batch=B4 kernel=batched4_gemv recorded=0 gpu_ms=0
  layer=40 kind=recurrent family=residual stage=13 batch=B4 kernel=batched4_gemv recorded=0 gpu_ms=0
  layer=40 kind=recurrent family=deferred_prefill_tail batch=B4 kernel=batched4_gemv gpu_ms=15.2503 total_ms=15.3098
  layer=41 kind=recurrent family=normalization stage=0 batch=B4 kernel=batched4_gemv recorded=1 gpu_ms=0.00416
  layer=41 kind=recurrent family=qkv_projection stage=1 batch=B4 kernel=batched4_gemv recorded=1 gpu_ms=0.004001
  layer=41 kind=recurrent family=gate_projection stage=2 batch=B4 kernel=batched4_gemv recorded=1 gpu_ms=0.00416
  layer=41 kind=recurrent family=recurrent_parameter_projection stage=3 batch=B4 kernel=batched4_gemv recorded=1 gpu_ms=0.0216
  layer=41 kind=recurrent family=conv_and_head_norm stage=4 batch=B4 kernel=batched4_gemv recorded=1 gpu_ms=0.01632
  layer=41 kind=recurrent family=gdn_scan stage=5 batch=B4 kernel=batched4_gemv recorded=1 gpu_ms=0.00896
  layer=41 kind=recurrent family=recurrent_gate stage=6 batch=B4 kernel=batched4_gemv recorded=0 gpu_ms=0
  layer=41 kind=recurrent family=ssm_output_projection stage=7 batch=B4 kernel=batched4_gemv recorded=0 gpu_ms=0
  layer=41 kind=recurrent family=residual_post_norm stage=8 batch=B4 kernel=batched4_gemv recorded=0 gpu_ms=0
  layer=41 kind=recurrent family=post_normalization stage=9 batch=B4 kernel=batched4_gemv recorded=0 gpu_ms=0
  layer=41 kind=recurrent family=ffn_gate_up_projection stage=10 batch=B4 kernel=batched4_gemv recorded=0 gpu_ms=0
  layer=41 kind=recurrent family=swiglu stage=11 batch=B4 kernel=batched4_gemv recorded=0 gpu_ms=0
  layer=41 kind=recurrent family=ffn_down_projection stage=12 batch=B4 kernel=batched4_gemv recorded=0 gpu_ms=0
  layer=41 kind=recurrent family=residual stage=13 batch=B4 kernel=batched4_gemv recorded=0 gpu_ms=0
  layer=41 kind=recurrent family=deferred_prefill_tail batch=B4 kernel=batched4_gemv gpu_ms=16.0178 total_ms=16.077
  layer=42 kind=recurrent family=normalization stage=0 batch=B4 kernel=batched4_gemv recorded=1 gpu_ms=0.00416
  layer=42 kind=recurrent family=qkv_projection stage=1 batch=B4 kernel=batched4_gemv recorded=1 gpu_ms=0.00416
  layer=42 kind=recurrent family=gate_projection stage=2 batch=B4 kernel=batched4_gemv recorded=1 gpu_ms=0.00416
  layer=42 kind=recurrent family=recurrent_parameter_projection stage=3 batch=B4 kernel=batched4_gemv recorded=1 gpu_ms=0.0216
  layer=42 kind=recurrent family=conv_and_head_norm stage=4 batch=B4 kernel=batched4_gemv recorded=1 gpu_ms=0.01632
  layer=42 kind=recurrent family=gdn_scan stage=5 batch=B4 kernel=batched4_gemv recorded=1 gpu_ms=0.00912
  layer=42 kind=recurrent family=recurrent_gate stage=6 batch=B4 kernel=batched4_gemv recorded=0 gpu_ms=0
  layer=42 kind=recurrent family=ssm_output_projection stage=7 batch=B4 kernel=batched4_gemv recorded=0 gpu_ms=0
  layer=42 kind=recurrent family=residual_post_norm stage=8 batch=B4 kernel=batched4_gemv recorded=0 gpu_ms=0
  layer=42 kind=recurrent family=post_normalization stage=9 batch=B4 kernel=batched4_gemv recorded=0 gpu_ms=0
  layer=42 kind=recurrent family=ffn_gate_up_projection stage=10 batch=B4 kernel=batched4_gemv recorded=0 gpu_ms=0
  layer=42 kind=recurrent family=swiglu stage=11 batch=B4 kernel=batched4_gemv recorded=0 gpu_ms=0
  layer=42 kind=recurrent family=ffn_down_projection stage=12 batch=B4 kernel=batched4_gemv recorded=0 gpu_ms=0
  layer=42 kind=recurrent family=residual stage=13 batch=B4 kernel=batched4_gemv recorded=0 gpu_ms=0
  layer=42 kind=recurrent family=deferred_prefill_tail batch=B4 kernel=batched4_gemv gpu_ms=16.0261 total_ms=16.0857
  layer=43 kind=attention family=normalization stage=0 batch=B4 kernel=batched4_gemv recorded=1 gpu_ms=0.00416
  layer=43 kind=attention family=q_projection stage=1 batch=B4 kernel=batched4_gemv recorded=1 gpu_ms=0.00416
  layer=43 kind=attention family=query_norm_rope stage=2 batch=B4 kernel=batched4_gemv recorded=1 gpu_ms=0.01264
  layer=43 kind=attention family=k_projection stage=3 batch=B4 kernel=batched4_gemv recorded=1 gpu_ms=0.004
  layer=43 kind=attention family=v_projection stage=4 batch=B4 kernel=batched4_gemv recorded=1 gpu_ms=0.004
  layer=43 kind=attention family=kv_store stage=5 batch=B4 kernel=batched4_gemv recorded=1 gpu_ms=0.004
  layer=43 kind=attention family=attention stage=6 batch=B4 kernel=batched4_gemv recorded=1 gpu_ms=0.012
  layer=43 kind=attention family=attention_output_projection stage=7 batch=B4 kernel=batched4_gemv recorded=1 gpu_ms=0.17008
  layer=43 kind=attention family=residual_post_norm stage=8 batch=B4 kernel=batched4_gemv recorded=0 gpu_ms=0
  layer=43 kind=attention family=post_normalization stage=9 batch=B4 kernel=batched4_gemv recorded=0 gpu_ms=0
  layer=43 kind=attention family=ffn_gate_up_projection stage=10 batch=B4 kernel=batched4_gemv recorded=0 gpu_ms=0
  layer=43 kind=attention family=swiglu stage=11 batch=B4 kernel=batched4_gemv recorded=0 gpu_ms=0
  layer=43 kind=attention family=ffn_down_projection stage=12 batch=B4 kernel=batched4_gemv recorded=0 gpu_ms=0
  layer=43 kind=attention family=residual stage=13 batch=B4 kernel=batched4_gemv recorded=0 gpu_ms=0
  layer=43 kind=attention family=residual stage=14 batch=B4 kernel=batched4_gemv recorded=0 gpu_ms=0
  layer=43 kind=attention family=deferred_prefill_tail batch=B4 kernel=batched4_gemv gpu_ms=13.004 total_ms=13.2191
  layer=44 kind=recurrent family=normalization stage=0 batch=B4 kernel=batched4_gemv recorded=1 gpu_ms=0.004161
  layer=44 kind=recurrent family=qkv_projection stage=1 batch=B4 kernel=batched4_gemv recorded=1 gpu_ms=0.00416
  layer=44 kind=recurrent family=gate_projection stage=2 batch=B4 kernel=batched4_gemv recorded=1 gpu_ms=0.004
  layer=44 kind=recurrent family=recurrent_parameter_projection stage=3 batch=B4 kernel=batched4_gemv recorded=1 gpu_ms=0.02176
  layer=44 kind=recurrent family=conv_and_head_norm stage=4 batch=B4 kernel=batched4_gemv recorded=1 gpu_ms=0.01632
  layer=44 kind=recurrent family=gdn_scan stage=5 batch=B4 kernel=batched4_gemv recorded=1 gpu_ms=0.00896
  layer=44 kind=recurrent family=recurrent_gate stage=6 batch=B4 kernel=batched4_gemv recorded=0 gpu_ms=0
  layer=44 kind=recurrent family=ssm_output_projection stage=7 batch=B4 kernel=batched4_gemv recorded=0 gpu_ms=0
  layer=44 kind=recurrent family=residual_post_norm stage=8 batch=B4 kernel=batched4_gemv recorded=0 gpu_ms=0
  layer=44 kind=recurrent family=post_normalization stage=9 batch=B4 kernel=batched4_gemv recorded=0 gpu_ms=0
  layer=44 kind=recurrent family=ffn_gate_up_projection stage=10 batch=B4 kernel=batched4_gemv recorded=0 gpu_ms=0
  layer=44 kind=recurrent family=swiglu stage=11 batch=B4 kernel=batched4_gemv recorded=0 gpu_ms=0
  layer=44 kind=recurrent family=ffn_down_projection stage=12 batch=B4 kernel=batched4_gemv recorded=0 gpu_ms=0
  layer=44 kind=recurrent family=residual stage=13 batch=B4 kernel=batched4_gemv recorded=0 gpu_ms=0
  layer=44 kind=recurrent family=deferred_prefill_tail batch=B4 kernel=batched4_gemv gpu_ms=16.0151 total_ms=16.0745
  layer=45 kind=recurrent family=normalization stage=0 batch=B4 kernel=batched4_gemv recorded=1 gpu_ms=0.00416
  layer=45 kind=recurrent family=qkv_projection stage=1 batch=B4 kernel=batched4_gemv recorded=1 gpu_ms=0.00416
  layer=45 kind=recurrent family=gate_projection stage=2 batch=B4 kernel=batched4_gemv recorded=1 gpu_ms=0.004
  layer=45 kind=recurrent family=recurrent_parameter_projection stage=3 batch=B4 kernel=batched4_gemv recorded=1 gpu_ms=0.02128
  layer=45 kind=recurrent family=conv_and_head_norm stage=4 batch=B4 kernel=batched4_gemv recorded=1 gpu_ms=0.01648
  layer=45 kind=recurrent family=gdn_scan stage=5 batch=B4 kernel=batched4_gemv recorded=1 gpu_ms=0.00896
  layer=45 kind=recurrent family=recurrent_gate stage=6 batch=B4 kernel=batched4_gemv recorded=0 gpu_ms=0
  layer=45 kind=recurrent family=ssm_output_projection stage=7 batch=B4 kernel=batched4_gemv recorded=0 gpu_ms=0
  layer=45 kind=recurrent family=residual_post_norm stage=8 batch=B4 kernel=batched4_gemv recorded=0 gpu_ms=0
  layer=45 kind=recurrent family=post_normalization stage=9 batch=B4 kernel=batched4_gemv recorded=0 gpu_ms=0
  layer=45 kind=recurrent family=ffn_gate_up_projection stage=10 batch=B4 kernel=batched4_gemv recorded=0 gpu_ms=0
  layer=45 kind=recurrent family=swiglu stage=11 batch=B4 kernel=batched4_gemv recorded=0 gpu_ms=0
  layer=45 kind=recurrent family=ffn_down_projection stage=12 batch=B4 kernel=batched4_gemv recorded=0 gpu_ms=0
  layer=45 kind=recurrent family=residual stage=13 batch=B4 kernel=batched4_gemv recorded=0 gpu_ms=0
  layer=45 kind=recurrent family=deferred_prefill_tail batch=B4 kernel=batched4_gemv gpu_ms=16.0458 total_ms=16.1049
  layer=46 kind=recurrent family=normalization stage=0 batch=B4 kernel=batched4_gemv recorded=1 gpu_ms=0.00416
  layer=46 kind=recurrent family=qkv_projection stage=1 batch=B4 kernel=batched4_gemv recorded=1 gpu_ms=0.004
  layer=46 kind=recurrent family=gate_projection stage=2 batch=B4 kernel=batched4_gemv recorded=1 gpu_ms=0.00416
  layer=46 kind=recurrent family=recurrent_parameter_projection stage=3 batch=B4 kernel=batched4_gemv recorded=1 gpu_ms=0.021761
  layer=46 kind=recurrent family=conv_and_head_norm stage=4 batch=B4 kernel=batched4_gemv recorded=1 gpu_ms=0.01632
  layer=46 kind=recurrent family=gdn_scan stage=5 batch=B4 kernel=batched4_gemv recorded=1 gpu_ms=0.00896
  layer=46 kind=recurrent family=recurrent_gate stage=6 batch=B4 kernel=batched4_gemv recorded=0 gpu_ms=0
  layer=46 kind=recurrent family=ssm_output_projection stage=7 batch=B4 kernel=batched4_gemv recorded=0 gpu_ms=0
  layer=46 kind=recurrent family=residual_post_norm stage=8 batch=B4 kernel=batched4_gemv recorded=0 gpu_ms=0
  layer=46 kind=recurrent family=post_normalization stage=9 batch=B4 kernel=batched4_gemv recorded=0 gpu_ms=0
  layer=46 kind=recurrent family=ffn_gate_up_projection stage=10 batch=B4 kernel=batched4_gemv recorded=0 gpu_ms=0
  layer=46 kind=recurrent family=swiglu stage=11 batch=B4 kernel=batched4_gemv recorded=0 gpu_ms=0
  layer=46 kind=recurrent family=ffn_down_projection stage=12 batch=B4 kernel=batched4_gemv recorded=0 gpu_ms=0
  layer=46 kind=recurrent family=residual stage=13 batch=B4 kernel=batched4_gemv recorded=0 gpu_ms=0
  layer=46 kind=recurrent family=deferred_prefill_tail batch=B4 kernel=batched4_gemv gpu_ms=15.2583 total_ms=15.3177
  layer=47 kind=attention family=normalization stage=0 batch=B4 kernel=batched4_gemv recorded=1 gpu_ms=0.00416
  layer=47 kind=attention family=q_projection stage=1 batch=B4 kernel=batched4_gemv recorded=1 gpu_ms=0.004
  layer=47 kind=attention family=query_norm_rope stage=2 batch=B4 kernel=batched4_gemv recorded=1 gpu_ms=0.012
  layer=47 kind=attention family=k_projection stage=3 batch=B4 kernel=batched4_gemv recorded=1 gpu_ms=0.00416
  layer=47 kind=attention family=v_projection stage=4 batch=B4 kernel=batched4_gemv recorded=1 gpu_ms=0.00432
  layer=47 kind=attention family=kv_store stage=5 batch=B4 kernel=batched4_gemv recorded=1 gpu_ms=0.00416
  layer=47 kind=attention family=attention stage=6 batch=B4 kernel=batched4_gemv recorded=1 gpu_ms=0.01216
  layer=47 kind=attention family=attention_output_projection stage=7 batch=B4 kernel=batched4_gemv recorded=1 gpu_ms=0.170881
  layer=47 kind=attention family=residual_post_norm stage=8 batch=B4 kernel=batched4_gemv recorded=0 gpu_ms=0
  layer=47 kind=attention family=post_normalization stage=9 batch=B4 kernel=batched4_gemv recorded=0 gpu_ms=0
  layer=47 kind=attention family=ffn_gate_up_projection stage=10 batch=B4 kernel=batched4_gemv recorded=0 gpu_ms=0
  layer=47 kind=attention family=swiglu stage=11 batch=B4 kernel=batched4_gemv recorded=0 gpu_ms=0
  layer=47 kind=attention family=ffn_down_projection stage=12 batch=B4 kernel=batched4_gemv recorded=0 gpu_ms=0
  layer=47 kind=attention family=residual stage=13 batch=B4 kernel=batched4_gemv recorded=0 gpu_ms=0
  layer=47 kind=attention family=residual stage=14 batch=B4 kernel=batched4_gemv recorded=0 gpu_ms=0
  layer=47 kind=attention family=deferred_prefill_tail batch=B4 kernel=batched4_gemv gpu_ms=13.8119 total_ms=14.0277
  layer=48 kind=recurrent family=normalization stage=0 batch=B4 kernel=batched4_gemv recorded=1 gpu_ms=0.00416
  layer=48 kind=recurrent family=qkv_projection stage=1 batch=B4 kernel=batched4_gemv recorded=1 gpu_ms=0.00416
  layer=48 kind=recurrent family=gate_projection stage=2 batch=B4 kernel=batched4_gemv recorded=1 gpu_ms=0.00416
  layer=48 kind=recurrent family=recurrent_parameter_projection stage=3 batch=B4 kernel=batched4_gemv recorded=1 gpu_ms=0.0216
  layer=48 kind=recurrent family=conv_and_head_norm stage=4 batch=B4 kernel=batched4_gemv recorded=1 gpu_ms=0.01616
  layer=48 kind=recurrent family=gdn_scan stage=5 batch=B4 kernel=batched4_gemv recorded=1 gpu_ms=0.00896
  layer=48 kind=recurrent family=recurrent_gate stage=6 batch=B4 kernel=batched4_gemv recorded=0 gpu_ms=0
  layer=48 kind=recurrent family=ssm_output_projection stage=7 batch=B4 kernel=batched4_gemv recorded=0 gpu_ms=0
  layer=48 kind=recurrent family=residual_post_norm stage=8 batch=B4 kernel=batched4_gemv recorded=0 gpu_ms=0
  layer=48 kind=recurrent family=post_normalization stage=9 batch=B4 kernel=batched4_gemv recorded=0 gpu_ms=0
  layer=48 kind=recurrent family=ffn_gate_up_projection stage=10 batch=B4 kernel=batched4_gemv recorded=0 gpu_ms=0
  layer=48 kind=recurrent family=swiglu stage=11 batch=B4 kernel=batched4_gemv recorded=0 gpu_ms=0
  layer=48 kind=recurrent family=ffn_down_projection stage=12 batch=B4 kernel=batched4_gemv recorded=0 gpu_ms=0
  layer=48 kind=recurrent family=residual stage=13 batch=B4 kernel=batched4_gemv recorded=0 gpu_ms=0
  layer=48 kind=recurrent family=deferred_prefill_tail batch=B4 kernel=batched4_gemv gpu_ms=16.0164 total_ms=16.0756
  layer=49 kind=recurrent family=normalization stage=0 batch=B4 kernel=batched4_gemv recorded=1 gpu_ms=0.00416
  layer=49 kind=recurrent family=qkv_projection stage=1 batch=B4 kernel=batched4_gemv recorded=1 gpu_ms=0.004
  layer=49 kind=recurrent family=gate_projection stage=2 batch=B4 kernel=batched4_gemv recorded=1 gpu_ms=0.00416
  layer=49 kind=recurrent family=recurrent_parameter_projection stage=3 batch=B4 kernel=batched4_gemv recorded=1 gpu_ms=0.02176
  layer=49 kind=recurrent family=conv_and_head_norm stage=4 batch=B4 kernel=batched4_gemv recorded=1 gpu_ms=0.01616
  layer=49 kind=recurrent family=gdn_scan stage=5 batch=B4 kernel=batched4_gemv recorded=1 gpu_ms=0.00896
  layer=49 kind=recurrent family=recurrent_gate stage=6 batch=B4 kernel=batched4_gemv recorded=0 gpu_ms=0
  layer=49 kind=recurrent family=ssm_output_projection stage=7 batch=B4 kernel=batched4_gemv recorded=0 gpu_ms=0
  layer=49 kind=recurrent family=residual_post_norm stage=8 batch=B4 kernel=batched4_gemv recorded=0 gpu_ms=0
  layer=49 kind=recurrent family=post_normalization stage=9 batch=B4 kernel=batched4_gemv recorded=0 gpu_ms=0
  layer=49 kind=recurrent family=ffn_gate_up_projection stage=10 batch=B4 kernel=batched4_gemv recorded=0 gpu_ms=0
  layer=49 kind=recurrent family=swiglu stage=11 batch=B4 kernel=batched4_gemv recorded=0 gpu_ms=0
  layer=49 kind=recurrent family=ffn_down_projection stage=12 batch=B4 kernel=batched4_gemv recorded=0 gpu_ms=0
  layer=49 kind=recurrent family=residual stage=13 batch=B4 kernel=batched4_gemv recorded=0 gpu_ms=0
  layer=49 kind=recurrent family=deferred_prefill_tail batch=B4 kernel=batched4_gemv gpu_ms=15.2245 total_ms=15.2837
  layer=50 kind=recurrent family=normalization stage=0 batch=B4 kernel=batched4_gemv recorded=1 gpu_ms=0.00416
  layer=50 kind=recurrent family=qkv_projection stage=1 batch=B4 kernel=batched4_gemv recorded=1 gpu_ms=0.00416
  layer=50 kind=recurrent family=gate_projection stage=2 batch=B4 kernel=batched4_gemv recorded=1 gpu_ms=0.00416
  layer=50 kind=recurrent family=recurrent_parameter_projection stage=3 batch=B4 kernel=batched4_gemv recorded=1 gpu_ms=0.02192
  layer=50 kind=recurrent family=conv_and_head_norm stage=4 batch=B4 kernel=batched4_gemv recorded=1 gpu_ms=0.01632
  layer=50 kind=recurrent family=gdn_scan stage=5 batch=B4 kernel=batched4_gemv recorded=1 gpu_ms=0.0088
  layer=50 kind=recurrent family=recurrent_gate stage=6 batch=B4 kernel=batched4_gemv recorded=0 gpu_ms=0
  layer=50 kind=recurrent family=ssm_output_projection stage=7 batch=B4 kernel=batched4_gemv recorded=0 gpu_ms=0
  layer=50 kind=recurrent family=residual_post_norm stage=8 batch=B4 kernel=batched4_gemv recorded=0 gpu_ms=0
  layer=50 kind=recurrent family=post_normalization stage=9 batch=B4 kernel=batched4_gemv recorded=0 gpu_ms=0
  layer=50 kind=recurrent family=ffn_gate_up_projection stage=10 batch=B4 kernel=batched4_gemv recorded=0 gpu_ms=0
  layer=50 kind=recurrent family=swiglu stage=11 batch=B4 kernel=batched4_gemv recorded=0 gpu_ms=0
  layer=50 kind=recurrent family=ffn_down_projection stage=12 batch=B4 kernel=batched4_gemv recorded=0 gpu_ms=0
  layer=50 kind=recurrent family=residual stage=13 batch=B4 kernel=batched4_gemv recorded=0 gpu_ms=0
  layer=50 kind=recurrent family=deferred_prefill_tail batch=B4 kernel=batched4_gemv gpu_ms=16.0177 total_ms=16.0772
  layer=51 kind=attention family=normalization stage=0 batch=B4 kernel=batched4_gemv recorded=1 gpu_ms=0.004
  layer=51 kind=attention family=q_projection stage=1 batch=B4 kernel=batched4_gemv recorded=1 gpu_ms=0.00432
  layer=51 kind=attention family=query_norm_rope stage=2 batch=B4 kernel=batched4_gemv recorded=1 gpu_ms=0.01216
  layer=51 kind=attention family=k_projection stage=3 batch=B4 kernel=batched4_gemv recorded=1 gpu_ms=0.00416
  layer=51 kind=attention family=v_projection stage=4 batch=B4 kernel=batched4_gemv recorded=1 gpu_ms=0.004
  layer=51 kind=attention family=kv_store stage=5 batch=B4 kernel=batched4_gemv recorded=1 gpu_ms=0.00416
  layer=51 kind=attention family=attention stage=6 batch=B4 kernel=batched4_gemv recorded=1 gpu_ms=0.01216
  layer=51 kind=attention family=attention_output_projection stage=7 batch=B4 kernel=batched4_gemv recorded=1 gpu_ms=0.1736
  layer=51 kind=attention family=residual_post_norm stage=8 batch=B4 kernel=batched4_gemv recorded=0 gpu_ms=0
  layer=51 kind=attention family=post_normalization stage=9 batch=B4 kernel=batched4_gemv recorded=0 gpu_ms=0
  layer=51 kind=attention family=ffn_gate_up_projection stage=10 batch=B4 kernel=batched4_gemv recorded=0 gpu_ms=0
  layer=51 kind=attention family=swiglu stage=11 batch=B4 kernel=batched4_gemv recorded=0 gpu_ms=0
  layer=51 kind=attention family=ffn_down_projection stage=12 batch=B4 kernel=batched4_gemv recorded=0 gpu_ms=0
  layer=51 kind=attention family=residual stage=13 batch=B4 kernel=batched4_gemv recorded=0 gpu_ms=0
  layer=51 kind=attention family=residual stage=14 batch=B4 kernel=batched4_gemv recorded=0 gpu_ms=0
  layer=51 kind=attention family=deferred_prefill_tail batch=B4 kernel=batched4_gemv gpu_ms=13.8144 total_ms=14.033
  layer=52 kind=recurrent family=normalization stage=0 batch=B4 kernel=batched4_gemv recorded=1 gpu_ms=0.004
  layer=52 kind=recurrent family=qkv_projection stage=1 batch=B4 kernel=batched4_gemv recorded=1 gpu_ms=0.004
  layer=52 kind=recurrent family=gate_projection stage=2 batch=B4 kernel=batched4_gemv recorded=1 gpu_ms=0.004
  layer=52 kind=recurrent family=recurrent_parameter_projection stage=3 batch=B4 kernel=batched4_gemv recorded=1 gpu_ms=0.02192
  layer=52 kind=recurrent family=conv_and_head_norm stage=4 batch=B4 kernel=batched4_gemv recorded=1 gpu_ms=0.01648
  layer=52 kind=recurrent family=gdn_scan stage=5 batch=B4 kernel=batched4_gemv recorded=1 gpu_ms=0.00896
  layer=52 kind=recurrent family=recurrent_gate stage=6 batch=B4 kernel=batched4_gemv recorded=0 gpu_ms=0
  layer=52 kind=recurrent family=ssm_output_projection stage=7 batch=B4 kernel=batched4_gemv recorded=0 gpu_ms=0
  layer=52 kind=recurrent family=residual_post_norm stage=8 batch=B4 kernel=batched4_gemv recorded=0 gpu_ms=0
  layer=52 kind=recurrent family=post_normalization stage=9 batch=B4 kernel=batched4_gemv recorded=0 gpu_ms=0
  layer=52 kind=recurrent family=ffn_gate_up_projection stage=10 batch=B4 kernel=batched4_gemv recorded=0 gpu_ms=0
  layer=52 kind=recurrent family=swiglu stage=11 batch=B4 kernel=batched4_gemv recorded=0 gpu_ms=0
  layer=52 kind=recurrent family=ffn_down_projection stage=12 batch=B4 kernel=batched4_gemv recorded=0 gpu_ms=0
  layer=52 kind=recurrent family=residual stage=13 batch=B4 kernel=batched4_gemv recorded=0 gpu_ms=0
  layer=52 kind=recurrent family=deferred_prefill_tail batch=B4 kernel=batched4_gemv gpu_ms=15.2073 total_ms=15.2666
  layer=53 kind=recurrent family=normalization stage=0 batch=B4 kernel=batched4_gemv recorded=1 gpu_ms=0.004
  layer=53 kind=recurrent family=qkv_projection stage=1 batch=B4 kernel=batched4_gemv recorded=1 gpu_ms=0.00416
  layer=53 kind=recurrent family=gate_projection stage=2 batch=B4 kernel=batched4_gemv recorded=1 gpu_ms=0.004
  layer=53 kind=recurrent family=recurrent_parameter_projection stage=3 batch=B4 kernel=batched4_gemv recorded=1 gpu_ms=0.02192
  layer=53 kind=recurrent family=conv_and_head_norm stage=4 batch=B4 kernel=batched4_gemv recorded=1 gpu_ms=0.01648
  layer=53 kind=recurrent family=gdn_scan stage=5 batch=B4 kernel=batched4_gemv recorded=1 gpu_ms=0.0088
  layer=53 kind=recurrent family=recurrent_gate stage=6 batch=B4 kernel=batched4_gemv recorded=0 gpu_ms=0
  layer=53 kind=recurrent family=ssm_output_projection stage=7 batch=B4 kernel=batched4_gemv recorded=0 gpu_ms=0
  layer=53 kind=recurrent family=residual_post_norm stage=8 batch=B4 kernel=batched4_gemv recorded=0 gpu_ms=0
  layer=53 kind=recurrent family=post_normalization stage=9 batch=B4 kernel=batched4_gemv recorded=0 gpu_ms=0
  layer=53 kind=recurrent family=ffn_gate_up_projection stage=10 batch=B4 kernel=batched4_gemv recorded=0 gpu_ms=0
  layer=53 kind=recurrent family=swiglu stage=11 batch=B4 kernel=batched4_gemv recorded=0 gpu_ms=0
  layer=53 kind=recurrent family=ffn_down_projection stage=12 batch=B4 kernel=batched4_gemv recorded=0 gpu_ms=0
  layer=53 kind=recurrent family=residual stage=13 batch=B4 kernel=batched4_gemv recorded=0 gpu_ms=0
  layer=53 kind=recurrent family=deferred_prefill_tail batch=B4 kernel=batched4_gemv gpu_ms=16.0301 total_ms=16.0895
  layer=54 kind=recurrent family=normalization stage=0 batch=B4 kernel=batched4_gemv recorded=1 gpu_ms=0.004
  layer=54 kind=recurrent family=qkv_projection stage=1 batch=B4 kernel=batched4_gemv recorded=1 gpu_ms=0.00416
  layer=54 kind=recurrent family=gate_projection stage=2 batch=B4 kernel=batched4_gemv recorded=1 gpu_ms=0.00416
  layer=54 kind=recurrent family=recurrent_parameter_projection stage=3 batch=B4 kernel=batched4_gemv recorded=1 gpu_ms=0.02192
  layer=54 kind=recurrent family=conv_and_head_norm stage=4 batch=B4 kernel=batched4_gemv recorded=1 gpu_ms=0.016481
  layer=54 kind=recurrent family=gdn_scan stage=5 batch=B4 kernel=batched4_gemv recorded=1 gpu_ms=0.00912
  layer=54 kind=recurrent family=recurrent_gate stage=6 batch=B4 kernel=batched4_gemv recorded=0 gpu_ms=0
  layer=54 kind=recurrent family=ssm_output_projection stage=7 batch=B4 kernel=batched4_gemv recorded=0 gpu_ms=0
  layer=54 kind=recurrent family=residual_post_norm stage=8 batch=B4 kernel=batched4_gemv recorded=0 gpu_ms=0
  layer=54 kind=recurrent family=post_normalization stage=9 batch=B4 kernel=batched4_gemv recorded=0 gpu_ms=0
  layer=54 kind=recurrent family=ffn_gate_up_projection stage=10 batch=B4 kernel=batched4_gemv recorded=0 gpu_ms=0
  layer=54 kind=recurrent family=swiglu stage=11 batch=B4 kernel=batched4_gemv recorded=0 gpu_ms=0
  layer=54 kind=recurrent family=ffn_down_projection stage=12 batch=B4 kernel=batched4_gemv recorded=0 gpu_ms=0
  layer=54 kind=recurrent family=residual stage=13 batch=B4 kernel=batched4_gemv recorded=0 gpu_ms=0
  layer=54 kind=recurrent family=deferred_prefill_tail batch=B4 kernel=batched4_gemv gpu_ms=16.018 total_ms=16.0778
  layer=55 kind=attention family=normalization stage=0 batch=B4 kernel=batched4_gemv recorded=1 gpu_ms=0.004
  layer=55 kind=attention family=q_projection stage=1 batch=B4 kernel=batched4_gemv recorded=1 gpu_ms=0.00416
  layer=55 kind=attention family=query_norm_rope stage=2 batch=B4 kernel=batched4_gemv recorded=1 gpu_ms=0.012
  layer=55 kind=attention family=k_projection stage=3 batch=B4 kernel=batched4_gemv recorded=1 gpu_ms=0.00416
  layer=55 kind=attention family=v_projection stage=4 batch=B4 kernel=batched4_gemv recorded=1 gpu_ms=0.004
  layer=55 kind=attention family=kv_store stage=5 batch=B4 kernel=batched4_gemv recorded=1 gpu_ms=0.00416
  layer=55 kind=attention family=attention stage=6 batch=B4 kernel=batched4_gemv recorded=1 gpu_ms=0.01184
  layer=55 kind=attention family=attention_output_projection stage=7 batch=B4 kernel=batched4_gemv recorded=1 gpu_ms=0.171041
  layer=55 kind=attention family=residual_post_norm stage=8 batch=B4 kernel=batched4_gemv recorded=0 gpu_ms=0
  layer=55 kind=attention family=post_normalization stage=9 batch=B4 kernel=batched4_gemv recorded=0 gpu_ms=0
  layer=55 kind=attention family=ffn_gate_up_projection stage=10 batch=B4 kernel=batched4_gemv recorded=0 gpu_ms=0
  layer=55 kind=attention family=swiglu stage=11 batch=B4 kernel=batched4_gemv recorded=0 gpu_ms=0
  layer=55 kind=attention family=ffn_down_projection stage=12 batch=B4 kernel=batched4_gemv recorded=0 gpu_ms=0
  layer=55 kind=attention family=residual stage=13 batch=B4 kernel=batched4_gemv recorded=0 gpu_ms=0
  layer=55 kind=attention family=residual stage=14 batch=B4 kernel=batched4_gemv recorded=0 gpu_ms=0
  layer=55 kind=attention family=deferred_prefill_tail batch=B4 kernel=batched4_gemv gpu_ms=13.0239 total_ms=13.2392
  layer=56 kind=recurrent family=normalization stage=0 batch=B4 kernel=batched4_gemv recorded=1 gpu_ms=0.004
  layer=56 kind=recurrent family=qkv_projection stage=1 batch=B4 kernel=batched4_gemv recorded=1 gpu_ms=0.004
  layer=56 kind=recurrent family=gate_projection stage=2 batch=B4 kernel=batched4_gemv recorded=1 gpu_ms=0.004
  layer=56 kind=recurrent family=recurrent_parameter_projection stage=3 batch=B4 kernel=batched4_gemv recorded=1 gpu_ms=0.02192
  layer=56 kind=recurrent family=conv_and_head_norm stage=4 batch=B4 kernel=batched4_gemv recorded=1 gpu_ms=0.01616
  layer=56 kind=recurrent family=gdn_scan stage=5 batch=B4 kernel=batched4_gemv recorded=1 gpu_ms=0.00896
  layer=56 kind=recurrent family=recurrent_gate stage=6 batch=B4 kernel=batched4_gemv recorded=0 gpu_ms=0
  layer=56 kind=recurrent family=ssm_output_projection stage=7 batch=B4 kernel=batched4_gemv recorded=0 gpu_ms=0
  layer=56 kind=recurrent family=residual_post_norm stage=8 batch=B4 kernel=batched4_gemv recorded=0 gpu_ms=0
  layer=56 kind=recurrent family=post_normalization stage=9 batch=B4 kernel=batched4_gemv recorded=0 gpu_ms=0
  layer=56 kind=recurrent family=ffn_gate_up_projection stage=10 batch=B4 kernel=batched4_gemv recorded=0 gpu_ms=0
  layer=56 kind=recurrent family=swiglu stage=11 batch=B4 kernel=batched4_gemv recorded=0 gpu_ms=0
  layer=56 kind=recurrent family=ffn_down_projection stage=12 batch=B4 kernel=batched4_gemv recorded=0 gpu_ms=0
  layer=56 kind=recurrent family=residual stage=13 batch=B4 kernel=batched4_gemv recorded=0 gpu_ms=0
  layer=56 kind=recurrent family=deferred_prefill_tail batch=B4 kernel=batched4_gemv gpu_ms=15.237 total_ms=15.2961
  layer=57 kind=recurrent family=normalization stage=0 batch=B4 kernel=batched4_gemv recorded=1 gpu_ms=0.00416
  layer=57 kind=recurrent family=qkv_projection stage=1 batch=B4 kernel=batched4_gemv recorded=1 gpu_ms=0.00416
  layer=57 kind=recurrent family=gate_projection stage=2 batch=B4 kernel=batched4_gemv recorded=1 gpu_ms=0.004
  layer=57 kind=recurrent family=recurrent_parameter_projection stage=3 batch=B4 kernel=batched4_gemv recorded=1 gpu_ms=0.02208
  layer=57 kind=recurrent family=conv_and_head_norm stage=4 batch=B4 kernel=batched4_gemv recorded=1 gpu_ms=0.01616
  layer=57 kind=recurrent family=gdn_scan stage=5 batch=B4 kernel=batched4_gemv recorded=1 gpu_ms=0.0088
  layer=57 kind=recurrent family=recurrent_gate stage=6 batch=B4 kernel=batched4_gemv recorded=0 gpu_ms=0
  layer=57 kind=recurrent family=ssm_output_projection stage=7 batch=B4 kernel=batched4_gemv recorded=0 gpu_ms=0
  layer=57 kind=recurrent family=residual_post_norm stage=8 batch=B4 kernel=batched4_gemv recorded=0 gpu_ms=0
  layer=57 kind=recurrent family=post_normalization stage=9 batch=B4 kernel=batched4_gemv recorded=0 gpu_ms=0
  layer=57 kind=recurrent family=ffn_gate_up_projection stage=10 batch=B4 kernel=batched4_gemv recorded=0 gpu_ms=0
  layer=57 kind=recurrent family=swiglu stage=11 batch=B4 kernel=batched4_gemv recorded=0 gpu_ms=0
  layer=57 kind=recurrent family=ffn_down_projection stage=12 batch=B4 kernel=batched4_gemv recorded=0 gpu_ms=0
  layer=57 kind=recurrent family=residual stage=13 batch=B4 kernel=batched4_gemv recorded=0 gpu_ms=0
  layer=57 kind=recurrent family=deferred_prefill_tail batch=B4 kernel=batched4_gemv gpu_ms=15.2394 total_ms=15.2988
  layer=58 kind=recurrent family=normalization stage=0 batch=B4 kernel=batched4_gemv recorded=1 gpu_ms=0.004
  layer=58 kind=recurrent family=qkv_projection stage=1 batch=B4 kernel=batched4_gemv recorded=1 gpu_ms=0.004
  layer=58 kind=recurrent family=gate_projection stage=2 batch=B4 kernel=batched4_gemv recorded=1 gpu_ms=0.004
  layer=58 kind=recurrent family=recurrent_parameter_projection stage=3 batch=B4 kernel=batched4_gemv recorded=1 gpu_ms=0.02144
  layer=58 kind=recurrent family=conv_and_head_norm stage=4 batch=B4 kernel=batched4_gemv recorded=1 gpu_ms=0.01616
  layer=58 kind=recurrent family=gdn_scan stage=5 batch=B4 kernel=batched4_gemv recorded=1 gpu_ms=0.00912
  layer=58 kind=recurrent family=recurrent_gate stage=6 batch=B4 kernel=batched4_gemv recorded=0 gpu_ms=0
  layer=58 kind=recurrent family=ssm_output_projection stage=7 batch=B4 kernel=batched4_gemv recorded=0 gpu_ms=0
  layer=58 kind=recurrent family=residual_post_norm stage=8 batch=B4 kernel=batched4_gemv recorded=0 gpu_ms=0
  layer=58 kind=recurrent family=post_normalization stage=9 batch=B4 kernel=batched4_gemv recorded=0 gpu_ms=0
  layer=58 kind=recurrent family=ffn_gate_up_projection stage=10 batch=B4 kernel=batched4_gemv recorded=0 gpu_ms=0
  layer=58 kind=recurrent family=swiglu stage=11 batch=B4 kernel=batched4_gemv recorded=0 gpu_ms=0
  layer=58 kind=recurrent family=ffn_down_projection stage=12 batch=B4 kernel=batched4_gemv recorded=0 gpu_ms=0
  layer=58 kind=recurrent family=residual stage=13 batch=B4 kernel=batched4_gemv recorded=0 gpu_ms=0
  layer=58 kind=recurrent family=deferred_prefill_tail batch=B4 kernel=batched4_gemv gpu_ms=15.257 total_ms=15.3157
  layer=59 kind=attention family=normalization stage=0 batch=B4 kernel=batched4_gemv recorded=1 gpu_ms=0.004
  layer=59 kind=attention family=q_projection stage=1 batch=B4 kernel=batched4_gemv recorded=1 gpu_ms=0.00416
  layer=59 kind=attention family=query_norm_rope stage=2 batch=B4 kernel=batched4_gemv recorded=1 gpu_ms=0.01232
  layer=59 kind=attention family=k_projection stage=3 batch=B4 kernel=batched4_gemv recorded=1 gpu_ms=0.00416
  layer=59 kind=attention family=v_projection stage=4 batch=B4 kernel=batched4_gemv recorded=1 gpu_ms=0.004
  layer=59 kind=attention family=kv_store stage=5 batch=B4 kernel=batched4_gemv recorded=1 gpu_ms=0.00416
  layer=59 kind=attention family=attention stage=6 batch=B4 kernel=batched4_gemv recorded=1 gpu_ms=0.012
  layer=59 kind=attention family=attention_output_projection stage=7 batch=B4 kernel=batched4_gemv recorded=1 gpu_ms=0.170241
  layer=59 kind=attention family=residual_post_norm stage=8 batch=B4 kernel=batched4_gemv recorded=0 gpu_ms=0
  layer=59 kind=attention family=post_normalization stage=9 batch=B4 kernel=batched4_gemv recorded=0 gpu_ms=0
  layer=59 kind=attention family=ffn_gate_up_projection stage=10 batch=B4 kernel=batched4_gemv recorded=0 gpu_ms=0
  layer=59 kind=attention family=swiglu stage=11 batch=B4 kernel=batched4_gemv recorded=0 gpu_ms=0
  layer=59 kind=attention family=ffn_down_projection stage=12 batch=B4 kernel=batched4_gemv recorded=0 gpu_ms=0
  layer=59 kind=attention family=residual stage=13 batch=B4 kernel=batched4_gemv recorded=0 gpu_ms=0
  layer=59 kind=attention family=residual stage=14 batch=B4 kernel=batched4_gemv recorded=0 gpu_ms=0
  layer=59 kind=attention family=deferred_prefill_tail batch=B4 kernel=batched4_gemv gpu_ms=13.0015 total_ms=13.2165
  layer=60 kind=recurrent family=normalization stage=0 batch=B4 kernel=batched4_gemv recorded=1 gpu_ms=0.004
  layer=60 kind=recurrent family=qkv_projection stage=1 batch=B4 kernel=batched4_gemv recorded=1 gpu_ms=0.00416
  layer=60 kind=recurrent family=gate_projection stage=2 batch=B4 kernel=batched4_gemv recorded=1 gpu_ms=0.004
  layer=60 kind=recurrent family=recurrent_parameter_projection stage=3 batch=B4 kernel=batched4_gemv recorded=1 gpu_ms=0.021281
  layer=60 kind=recurrent family=conv_and_head_norm stage=4 batch=B4 kernel=batched4_gemv recorded=1 gpu_ms=0.01648
  layer=60 kind=recurrent family=gdn_scan stage=5 batch=B4 kernel=batched4_gemv recorded=1 gpu_ms=0.00864
  layer=60 kind=recurrent family=recurrent_gate stage=6 batch=B4 kernel=batched4_gemv recorded=0 gpu_ms=0
  layer=60 kind=recurrent family=ssm_output_projection stage=7 batch=B4 kernel=batched4_gemv recorded=0 gpu_ms=0
  layer=60 kind=recurrent family=residual_post_norm stage=8 batch=B4 kernel=batched4_gemv recorded=0 gpu_ms=0
  layer=60 kind=recurrent family=post_normalization stage=9 batch=B4 kernel=batched4_gemv recorded=0 gpu_ms=0
  layer=60 kind=recurrent family=ffn_gate_up_projection stage=10 batch=B4 kernel=batched4_gemv recorded=0 gpu_ms=0
  layer=60 kind=recurrent family=swiglu stage=11 batch=B4 kernel=batched4_gemv recorded=0 gpu_ms=0
  layer=60 kind=recurrent family=ffn_down_projection stage=12 batch=B4 kernel=batched4_gemv recorded=0 gpu_ms=0
  layer=60 kind=recurrent family=residual stage=13 batch=B4 kernel=batched4_gemv recorded=0 gpu_ms=0
  layer=60 kind=recurrent family=deferred_prefill_tail batch=B4 kernel=batched4_gemv gpu_ms=15.2324 total_ms=15.2909
  layer=61 kind=recurrent family=normalization stage=0 batch=B4 kernel=batched4_gemv recorded=1 gpu_ms=0.00416
  layer=61 kind=recurrent family=qkv_projection stage=1 batch=B4 kernel=batched4_gemv recorded=1 gpu_ms=0.004
  layer=61 kind=recurrent family=gate_projection stage=2 batch=B4 kernel=batched4_gemv recorded=1 gpu_ms=0.004
  layer=61 kind=recurrent family=recurrent_parameter_projection stage=3 batch=B4 kernel=batched4_gemv recorded=1 gpu_ms=0.02192
  layer=61 kind=recurrent family=conv_and_head_norm stage=4 batch=B4 kernel=batched4_gemv recorded=1 gpu_ms=0.01664
  layer=61 kind=recurrent family=gdn_scan stage=5 batch=B4 kernel=batched4_gemv recorded=1 gpu_ms=0.00864
  layer=61 kind=recurrent family=recurrent_gate stage=6 batch=B4 kernel=batched4_gemv recorded=0 gpu_ms=0
  layer=61 kind=recurrent family=ssm_output_projection stage=7 batch=B4 kernel=batched4_gemv recorded=0 gpu_ms=0
  layer=61 kind=recurrent family=residual_post_norm stage=8 batch=B4 kernel=batched4_gemv recorded=0 gpu_ms=0
  layer=61 kind=recurrent family=post_normalization stage=9 batch=B4 kernel=batched4_gemv recorded=0 gpu_ms=0
  layer=61 kind=recurrent family=ffn_gate_up_projection stage=10 batch=B4 kernel=batched4_gemv recorded=0 gpu_ms=0
  layer=61 kind=recurrent family=swiglu stage=11 batch=B4 kernel=batched4_gemv recorded=0 gpu_ms=0
  layer=61 kind=recurrent family=ffn_down_projection stage=12 batch=B4 kernel=batched4_gemv recorded=0 gpu_ms=0
  layer=61 kind=recurrent family=residual stage=13 batch=B4 kernel=batched4_gemv recorded=0 gpu_ms=0
  layer=61 kind=recurrent family=deferred_prefill_tail batch=B4 kernel=batched4_gemv gpu_ms=15.2281 total_ms=15.2874
  layer=62 kind=recurrent family=normalization stage=0 batch=B4 kernel=batched4_gemv recorded=1 gpu_ms=0.00416
  layer=62 kind=recurrent family=qkv_projection stage=1 batch=B4 kernel=batched4_gemv recorded=1 gpu_ms=0.004
  layer=62 kind=recurrent family=gate_projection stage=2 batch=B4 kernel=batched4_gemv recorded=1 gpu_ms=0.00416
  layer=62 kind=recurrent family=recurrent_parameter_projection stage=3 batch=B4 kernel=batched4_gemv recorded=1 gpu_ms=0.02176
  layer=62 kind=recurrent family=conv_and_head_norm stage=4 batch=B4 kernel=batched4_gemv recorded=1 gpu_ms=0.01616
  layer=62 kind=recurrent family=gdn_scan stage=5 batch=B4 kernel=batched4_gemv recorded=1 gpu_ms=0.00896
  layer=62 kind=recurrent family=recurrent_gate stage=6 batch=B4 kernel=batched4_gemv recorded=0 gpu_ms=0
  layer=62 kind=recurrent family=ssm_output_projection stage=7 batch=B4 kernel=batched4_gemv recorded=0 gpu_ms=0
  layer=62 kind=recurrent family=residual_post_norm stage=8 batch=B4 kernel=batched4_gemv recorded=0 gpu_ms=0
  layer=62 kind=recurrent family=post_normalization stage=9 batch=B4 kernel=batched4_gemv recorded=0 gpu_ms=0
  layer=62 kind=recurrent family=ffn_gate_up_projection stage=10 batch=B4 kernel=batched4_gemv recorded=0 gpu_ms=0
  layer=62 kind=recurrent family=swiglu stage=11 batch=B4 kernel=batched4_gemv recorded=0 gpu_ms=0
  layer=62 kind=recurrent family=ffn_down_projection stage=12 batch=B4 kernel=batched4_gemv recorded=0 gpu_ms=0
  layer=62 kind=recurrent family=residual stage=13 batch=B4 kernel=batched4_gemv recorded=0 gpu_ms=0
  layer=62 kind=recurrent family=deferred_prefill_tail batch=B4 kernel=batched4_gemv gpu_ms=15.2561 total_ms=15.3153
  layer=63 kind=attention family=normalization stage=0 batch=B4 kernel=batched4_gemv recorded=1 gpu_ms=0.00416
  layer=63 kind=attention family=q_projection stage=1 batch=B4 kernel=batched4_gemv recorded=1 gpu_ms=0.00416
  layer=63 kind=attention family=query_norm_rope stage=2 batch=B4 kernel=batched4_gemv recorded=1 gpu_ms=0.01216
  layer=63 kind=attention family=k_projection stage=3 batch=B4 kernel=batched4_gemv recorded=1 gpu_ms=0.00416
  layer=63 kind=attention family=v_projection stage=4 batch=B4 kernel=batched4_gemv recorded=1 gpu_ms=0.00416
  layer=63 kind=attention family=kv_store stage=5 batch=B4 kernel=batched4_gemv recorded=1 gpu_ms=0.004
  layer=63 kind=attention family=attention stage=6 batch=B4 kernel=batched4_gemv recorded=1 gpu_ms=0.01216
  layer=63 kind=attention family=attention_output_projection stage=7 batch=B4 kernel=batched4_gemv recorded=1 gpu_ms=0.16944
  layer=63 kind=attention family=residual_post_norm stage=8 batch=B4 kernel=batched4_gemv recorded=0 gpu_ms=0
  layer=63 kind=attention family=post_normalization stage=9 batch=B4 kernel=batched4_gemv recorded=0 gpu_ms=0
  layer=63 kind=attention family=ffn_gate_up_projection stage=10 batch=B4 kernel=batched4_gemv recorded=0 gpu_ms=0
  layer=63 kind=attention family=swiglu stage=11 batch=B4 kernel=batched4_gemv recorded=0 gpu_ms=0
  layer=63 kind=attention family=ffn_down_projection stage=12 batch=B4 kernel=batched4_gemv recorded=0 gpu_ms=0
  layer=63 kind=attention family=residual stage=13 batch=B4 kernel=batched4_gemv recorded=0 gpu_ms=0
  layer=63 kind=attention family=residual stage=14 batch=B4 kernel=batched4_gemv recorded=0 gpu_ms=0
  layer=63 kind=attention family=deferred_prefill_tail batch=B4 kernel=batched4_gemv gpu_ms=12.7413 total_ms=12.9557
Top operator families (sampled position, summed layers):
  rank=1 family=deferred_prefill_tail gpu_ms=964.742 share_of_sampled=98.5229
  rank=2 family=projection_or_attention_output gpu_ms=2.74225 share_of_sampled=0.280048
  rank=3 family=projection_or_k gpu_ms=1.11713 share_of_sampled=0.114085
  rank=4 family=projection_or_v gpu_ms=0.855524 share_of_sampled=0.0873691
  rank=5 family=kv_or_head_norm gpu_ms=0.49408 share_of_sampled=0.0504572
  rank=6 family=projection_or_rope gpu_ms=0.390241 share_of_sampled=0.0398528
  rank=7 family=normalization gpu_ms=0.266241 share_of_sampled=0.0271895
  rank=8 family=projection_or_norm gpu_ms=0.261761 share_of_sampled=0.026732
  rank=9 family=gdn_or_attention gpu_ms=0.19232 share_of_sampled=0.0196404
  rank=10 family=residual_post_norm gpu_ms=0 share_of_sampled=0
  sampled_layer_gpu_ms=971.062 accounted_sample_ms=979.206 wall_ms=11187.9 note=sampled token/layer attribution; not a full-P512 sum


